<?xml version="1.0"?>
<VTKFile type="UnstructuredGrid"  version="0.1"  >
<UnstructuredGrid>
<Piece  NumberOfPoints="2601" NumberOfCells="5000">
<Points>
<DataArray  type="Float64"  NumberOfComponents="3"  format="ascii">0 0 0  0.02 0 0  0.04 0 0  0.06 0 0  0.08 0 0  0.1 0 0  0.12 0 0  0.14 0 0  0.16 0 0  0.18 0 0  0.2 0 0  0.22 0 0  0.24 0 0  0.26 0 0  0.28 0 0  0.3 0 0  0.32 0 0  0.34 0 0  0.36 0 0  0.38 0 0  0.4 0 0  0.42 0 0  0.44 0 0  0.46 0 0  0.48 0 0  0.5 0 0  0.52 0 0  0.54 0 0  0.5600000000000001 0 0  0.58 0 0  0.6 0 0  0.62 0 0  0.64 0 0  0.66 0 0  0.68 0 0  0.7 0 0  0.72 0 0  0.74 0 0  0.76 0 0  0.78 0 0  0.8 0 0  0.82 0 0  0.84 0 0  0.86 0 0  0.88 0 0  0.9 0 0  0.92 0 0  0.9399999999999999 0 0  0.96 0 0  0.98 0 0  1 0 0  0 0.02 0  0.02 0.02 0  0.04 0.02 0  0.06 0.02 0  0.08 0.02 0  0.1 0.02 0  0.12 0.02 0  0.14 0.02 0  0.16 0.02 0  0.18 0.02 0  0.2 0.02 0  0.22 0.02 0  0.24 0.02 0  0.26 0.02 0  0.28 0.02 0  0.3 0.02 0  0.32 0.02 0  0.34 0.02 0  0.36 0.02 0  0.38 0.02 0  0.4 0.02 0  0.42 0.02 0  0.44 0.02 0  0.46 0.02 0  0.48 0.02 0  0.5 0.02 0  0.52 0.02 0  0.54 0.02 0  0.5600000000000001 0.02 0  0.58 0.02 0  0.6 0.02 0  0.62 0.02 0  0.64 0.02 0  0.66 0.02 0  0.68 0.02 0  0.7 0.02 0  0.72 0.02 0  0.74 0.02 0  0.76 0.02 0  0.78 0.02 0  0.8 0.02 0  0.82 0.02 0  0.84 0.02 0  0.86 0.02 0  0.88 0.02 0  0.9 0.02 0  0.92 0.02 0  0.9399999999999999 0.02 0  0.96 0.02 0  0.98 0.02 0  1 0.02 0  0 0.04 0  0.02 0.04 0  0.04 0.04 0  0.06 0.04 0  0.08 0.04 0  0.1 0.04 0  0.12 0.04 0  0.14 0.04 0  0.16 0.04 0  0.18 0.04 0  0.2 0.04 0  0.22 0.04 0  0.24 0.04 0  0.26 0.04 0  0.28 0.04 0  0.3 0.04 0  0.32 0.04 0  0.34 0.04 0  0.36 0.04 0  0.38 0.04 0  0.4 0.04 0  0.42 0.04 0  0.44 0.04 0  0.46 0.04 0  0.48 0.04 0  0.5 0.04 0  0.52 0.04 0  0.54 0.04 0  0.5600000000000001 0.04 0  0.58 0.04 0  0.6 0.04 0  0.62 0.04 0  0.64 0.04 0  0.66 0.04 0  0.68 0.04 0  0.7 0.04 0  0.72 0.04 0  0.74 0.04 0  0.76 0.04 0  0.78 0.04 0  0.8 0.04 0  0.82 0.04 0  0.84 0.04 0  0.86 0.04 0  0.88 0.04 0  0.9 0.04 0  0.92 0.04 0  0.9399999999999999 0.04 0  0.96 0.04 0  0.98 0.04 0  1 0.04 0  0 0.06 0  0.02 0.06 0  0.04 0.06 0  0.06 0.06 0  0.08 0.06 0  0.1 0.06 0  0.12 0.06 0  0.14 0.06 0  0.16 0.06 0  0.18 0.06 0  0.2 0.06 0  0.22 0.06 0  0.24 0.06 0  0.26 0.06 0  0.28 0.06 0  0.3 0.06 0  0.32 0.06 0  0.34 0.06 0  0.36 0.06 0  0.38 0.06 0  0.4 0.06 0  0.42 0.06 0  0.44 0.06 0  0.46 0.06 0  0.48 0.06 0  0.5 0.06 0  0.52 0.06 0  0.54 0.06 0  0.5600000000000001 0.06 0  0.58 0.06 0  0.6 0.06 0  0.62 0.06 0  0.64 0.06 0  0.66 0.06 0  0.68 0.06 0  0.7 0.06 0  0.72 0.06 0  0.74 0.06 0  0.76 0.06 0  0.78 0.06 0  0.8 0.06 0  0.82 0.06 0  0.84 0.06 0  0.86 0.06 0  0.88 0.06 0  0.9 0.06 0  0.92 0.06 0  0.9399999999999999 0.06 0  0.96 0.06 0  0.98 0.06 0  1 0.06 0  0 0.08 0  0.02 0.08 0  0.04 0.08 0  0.06 0.08 0  0.08 0.08 0  0.1 0.08 0  0.12 0.08 0  0.14 0.08 0  0.16 0.08 0  0.18 0.08 0  0.2 0.08 0  0.22 0.08 0  0.24 0.08 0  0.26 0.08 0  0.28 0.08 0  0.3 0.08 0  0.32 0.08 0  0.34 0.08 0  0.36 0.08 0  0.38 0.08 0  0.4 0.08 0  0.42 0.08 0  0.44 0.08 0  0.46 0.08 0  0.48 0.08 0  0.5 0.08 0  0.52 0.08 0  0.54 0.08 0  0.5600000000000001 0.08 0  0.58 0.08 0  0.6 0.08 0  0.62 0.08 0  0.64 0.08 0  0.66 0.08 0  0.68 0.08 0  0.7 0.08 0  0.72 0.08 0  0.74 0.08 0  0.76 0.08 0  0.78 0.08 0  0.8 0.08 0  0.82 0.08 0  0.84 0.08 0  0.86 0.08 0  0.88 0.08 0  0.9 0.08 0  0.92 0.08 0  0.9399999999999999 0.08 0  0.96 0.08 0  0.98 0.08 0  1 0.08 0  0 0.1 0  0.02 0.1 0  0.04 0.1 0  0.06 0.1 0  0.08 0.1 0  0.1 0.1 0  0.12 0.1 0  0.14 0.1 0  0.16 0.1 0  0.18 0.1 0  0.2 0.1 0  0.22 0.1 0  0.24 0.1 0  0.26 0.1 0  0.28 0.1 0  0.3 0.1 0  0.32 0.1 0  0.34 0.1 0  0.36 0.1 0  0.38 0.1 0  0.4 0.1 0  0.42 0.1 0  0.44 0.1 0  0.46 0.1 0  0.48 0.1 0  0.5 0.1 0  0.52 0.1 0  0.54 0.1 0  0.5600000000000001 0.1 0  0.58 0.1 0  0.6 0.1 0  0.62 0.1 0  0.64 0.1 0  0.66 0.1 0  0.68 0.1 0  0.7 0.1 0  0.72 0.1 0  0.74 0.1 0  0.76 0.1 0  0.78 0.1 0  0.8 0.1 0  0.82 0.1 0  0.84 0.1 0  0.86 0.1 0  0.88 0.1 0  0.9 0.1 0  0.92 0.1 0  0.9399999999999999 0.1 0  0.96 0.1 0  0.98 0.1 0  1 0.1 0  0 0.12 0  0.02 0.12 0  0.04 0.12 0  0.06 0.12 0  0.08 0.12 0  0.1 0.12 0  0.12 0.12 0  0.14 0.12 0  0.16 0.12 0  0.18 0.12 0  0.2 0.12 0  0.22 0.12 0  0.24 0.12 0  0.26 0.12 0  0.28 0.12 0  0.3 0.12 0  0.32 0.12 0  0.34 0.12 0  0.36 0.12 0  0.38 0.12 0  0.4 0.12 0  0.42 0.12 0  0.44 0.12 0  0.46 0.12 0  0.48 0.12 0  0.5 0.12 0  0.52 0.12 0  0.54 0.12 0  0.5600000000000001 0.12 0  0.58 0.12 0  0.6 0.12 0  0.62 0.12 0  0.64 0.12 0  0.66 0.12 0  0.68 0.12 0  0.7 0.12 0  0.72 0.12 0  0.74 0.12 0  0.76 0.12 0  0.78 0.12 0  0.8 0.12 0  0.82 0.12 0  0.84 0.12 0  0.86 0.12 0  0.88 0.12 0  0.9 0.12 0  0.92 0.12 0  0.9399999999999999 0.12 0  0.96 0.12 0  0.98 0.12 0  1 0.12 0  0 0.14 0  0.02 0.14 0  0.04 0.14 0  0.06 0.14 0  0.08 0.14 0  0.1 0.14 0  0.12 0.14 0  0.14 0.14 0  0.16 0.14 0  0.18 0.14 0  0.2 0.14 0  0.22 0.14 0  0.24 0.14 0  0.26 0.14 0  0.28 0.14 0  0.3 0.14 0  0.32 0.14 0  0.34 0.14 0  0.36 0.14 0  0.38 0.14 0  0.4 0.14 0  0.42 0.14 0  0.44 0.14 0  0.46 0.14 0  0.48 0.14 0  0.5 0.14 0  0.52 0.14 0  0.54 0.14 0  0.5600000000000001 0.14 0  0.58 0.14 0  0.6 0.14 0  0.62 0.14 0  0.64 0.14 0  0.66 0.14 0  0.68 0.14 0  0.7 0.14 0  0.72 0.14 0  0.74 0.14 0  0.76 0.14 0  0.78 0.14 0  0.8 0.14 0  0.82 0.14 0  0.84 0.14 0  0.86 0.14 0  0.88 0.14 0  0.9 0.14 0  0.92 0.14 0  0.9399999999999999 0.14 0  0.96 0.14 0  0.98 0.14 0  1 0.14 0  0 0.16 0  0.02 0.16 0  0.04 0.16 0  0.06 0.16 0  0.08 0.16 0  0.1 0.16 0  0.12 0.16 0  0.14 0.16 0  0.16 0.16 0  0.18 0.16 0  0.2 0.16 0  0.22 0.16 0  0.24 0.16 0  0.26 0.16 0  0.28 0.16 0  0.3 0.16 0  0.32 0.16 0  0.34 0.16 0  0.36 0.16 0  0.38 0.16 0  0.4 0.16 0  0.42 0.16 0  0.44 0.16 0  0.46 0.16 0  0.48 0.16 0  0.5 0.16 0  0.52 0.16 0  0.54 0.16 0  0.5600000000000001 0.16 0  0.58 0.16 0  0.6 0.16 0  0.62 0.16 0  0.64 0.16 0  0.66 0.16 0  0.68 0.16 0  0.7 0.16 0  0.72 0.16 0  0.74 0.16 0  0.76 0.16 0  0.78 0.16 0  0.8 0.16 0  0.82 0.16 0  0.84 0.16 0  0.86 0.16 0  0.88 0.16 0  0.9 0.16 0  0.92 0.16 0  0.9399999999999999 0.16 0  0.96 0.16 0  0.98 0.16 0  1 0.16 0  0 0.18 0  0.02 0.18 0  0.04 0.18 0  0.06 0.18 0  0.08 0.18 0  0.1 0.18 0  0.12 0.18 0  0.14 0.18 0  0.16 0.18 0  0.18 0.18 0  0.2 0.18 0  0.22 0.18 0  0.24 0.18 0  0.26 0.18 0  0.28 0.18 0  0.3 0.18 0  0.32 0.18 0  0.34 0.18 0  0.36 0.18 0  0.38 0.18 0  0.4 0.18 0  0.42 0.18 0  0.44 0.18 0  0.46 0.18 0  0.48 0.18 0  0.5 0.18 0  0.52 0.18 0  0.54 0.18 0  0.5600000000000001 0.18 0  0.58 0.18 0  0.6 0.18 0  0.62 0.18 0  0.64 0.18 0  0.66 0.18 0  0.68 0.18 0  0.7 0.18 0  0.72 0.18 0  0.74 0.18 0  0.76 0.18 0  0.78 0.18 0  0.8 0.18 0  0.82 0.18 0  0.84 0.18 0  0.86 0.18 0  0.88 0.18 0  0.9 0.18 0  0.92 0.18 0  0.9399999999999999 0.18 0  0.96 0.18 0  0.98 0.18 0  1 0.18 0  0 0.2 0  0.02 0.2 0  0.04 0.2 0  0.06 0.2 0  0.08 0.2 0  0.1 0.2 0  0.12 0.2 0  0.14 0.2 0  0.16 0.2 0  0.18 0.2 0  0.2 0.2 0  0.22 0.2 0  0.24 0.2 0  0.26 0.2 0  0.28 0.2 0  0.3 0.2 0  0.32 0.2 0  0.34 0.2 0  0.36 0.2 0  0.38 0.2 0  0.4 0.2 0  0.42 0.2 0  0.44 0.2 0  0.46 0.2 0  0.48 0.2 0  0.5 0.2 0  0.52 0.2 0  0.54 0.2 0  0.5600000000000001 0.2 0  0.58 0.2 0  0.6 0.2 0  0.62 0.2 0  0.64 0.2 0  0.66 0.2 0  0.68 0.2 0  0.7 0.2 0  0.72 0.2 0  0.74 0.2 0  0.76 0.2 0  0.78 0.2 0  0.8 0.2 0  0.82 0.2 0  0.84 0.2 0  0.86 0.2 0  0.88 0.2 0  0.9 0.2 0  0.92 0.2 0  0.9399999999999999 0.2 0  0.96 0.2 0  0.98 0.2 0  1 0.2 0  0 0.22 0  0.02 0.22 0  0.04 0.22 0  0.06 0.22 0  0.08 0.22 0  0.1 0.22 0  0.12 0.22 0  0.14 0.22 0  0.16 0.22 0  0.18 0.22 0  0.2 0.22 0  0.22 0.22 0  0.24 0.22 0  0.26 0.22 0  0.28 0.22 0  0.3 0.22 0  0.32 0.22 0  0.34 0.22 0  0.36 0.22 0  0.38 0.22 0  0.4 0.22 0  0.42 0.22 0  0.44 0.22 0  0.46 0.22 0  0.48 0.22 0  0.5 0.22 0  0.52 0.22 0  0.54 0.22 0  0.5600000000000001 0.22 0  0.58 0.22 0  0.6 0.22 0  0.62 0.22 0  0.64 0.22 0  0.66 0.22 0  0.68 0.22 0  0.7 0.22 0  0.72 0.22 0  0.74 0.22 0  0.76 0.22 0  0.78 0.22 0  0.8 0.22 0  0.82 0.22 0  0.84 0.22 0  0.86 0.22 0  0.88 0.22 0  0.9 0.22 0  0.92 0.22 0  0.9399999999999999 0.22 0  0.96 0.22 0  0.98 0.22 0  1 0.22 0  0 0.24 0  0.02 0.24 0  0.04 0.24 0  0.06 0.24 0  0.08 0.24 0  0.1 0.24 0  0.12 0.24 0  0.14 0.24 0  0.16 0.24 0  0.18 0.24 0  0.2 0.24 0  0.22 0.24 0  0.24 0.24 0  0.26 0.24 0  0.28 0.24 0  0.3 0.24 0  0.32 0.24 0  0.34 0.24 0  0.36 0.24 0  0.38 0.24 0  0.4 0.24 0  0.42 0.24 0  0.44 0.24 0  0.46 0.24 0  0.48 0.24 0  0.5 0.24 0  0.52 0.24 0  0.54 0.24 0  0.5600000000000001 0.24 0  0.58 0.24 0  0.6 0.24 0  0.62 0.24 0  0.64 0.24 0  0.66 0.24 0  0.68 0.24 0  0.7 0.24 0  0.72 0.24 0  0.74 0.24 0  0.76 0.24 0  0.78 0.24 0  0.8 0.24 0  0.82 0.24 0  0.84 0.24 0  0.86 0.24 0  0.88 0.24 0  0.9 0.24 0  0.92 0.24 0  0.9399999999999999 0.24 0  0.96 0.24 0  0.98 0.24 0  1 0.24 0  0 0.26 0  0.02 0.26 0  0.04 0.26 0  0.06 0.26 0  0.08 0.26 0  0.1 0.26 0  0.12 0.26 0  0.14 0.26 0  0.16 0.26 0  0.18 0.26 0  0.2 0.26 0  0.22 0.26 0  0.24 0.26 0  0.26 0.26 0  0.28 0.26 0  0.3 0.26 0  0.32 0.26 0  0.34 0.26 0  0.36 0.26 0  0.38 0.26 0  0.4 0.26 0  0.42 0.26 0  0.44 0.26 0  0.46 0.26 0  0.48 0.26 0  0.5 0.26 0  0.52 0.26 0  0.54 0.26 0  0.5600000000000001 0.26 0  0.58 0.26 0  0.6 0.26 0  0.62 0.26 0  0.64 0.26 0  0.66 0.26 0  0.68 0.26 0  0.7 0.26 0  0.72 0.26 0  0.74 0.26 0  0.76 0.26 0  0.78 0.26 0  0.8 0.26 0  0.82 0.26 0  0.84 0.26 0  0.86 0.26 0  0.88 0.26 0  0.9 0.26 0  0.92 0.26 0  0.9399999999999999 0.26 0  0.96 0.26 0  0.98 0.26 0  1 0.26 0  0 0.28 0  0.02 0.28 0  0.04 0.28 0  0.06 0.28 0  0.08 0.28 0  0.1 0.28 0  0.12 0.28 0  0.14 0.28 0  0.16 0.28 0  0.18 0.28 0  0.2 0.28 0  0.22 0.28 0  0.24 0.28 0  0.26 0.28 0  0.28 0.28 0  0.3 0.28 0  0.32 0.28 0  0.34 0.28 0  0.36 0.28 0  0.38 0.28 0  0.4 0.28 0  0.42 0.28 0  0.44 0.28 0  0.46 0.28 0  0.48 0.28 0  0.5 0.28 0  0.52 0.28 0  0.54 0.28 0  0.5600000000000001 0.28 0  0.58 0.28 0  0.6 0.28 0  0.62 0.28 0  0.64 0.28 0  0.66 0.28 0  0.68 0.28 0  0.7 0.28 0  0.72 0.28 0  0.74 0.28 0  0.76 0.28 0  0.78 0.28 0  0.8 0.28 0  0.82 0.28 0  0.84 0.28 0  0.86 0.28 0  0.88 0.28 0  0.9 0.28 0  0.92 0.28 0  0.9399999999999999 0.28 0  0.96 0.28 0  0.98 0.28 0  1 0.28 0  0 0.3 0  0.02 0.3 0  0.04 0.3 0  0.06 0.3 0  0.08 0.3 0  0.1 0.3 0  0.12 0.3 0  0.14 0.3 0  0.16 0.3 0  0.18 0.3 0  0.2 0.3 0  0.22 0.3 0  0.24 0.3 0  0.26 0.3 0  0.28 0.3 0  0.3 0.3 0  0.32 0.3 0  0.34 0.3 0  0.36 0.3 0  0.38 0.3 0  0.4 0.3 0  0.42 0.3 0  0.44 0.3 0  0.46 0.3 0  0.48 0.3 0  0.5 0.3 0  0.52 0.3 0  0.54 0.3 0  0.5600000000000001 0.3 0  0.58 0.3 0  0.6 0.3 0  0.62 0.3 0  0.64 0.3 0  0.66 0.3 0  0.68 0.3 0  0.7 0.3 0  0.72 0.3 0  0.74 0.3 0  0.76 0.3 0  0.78 0.3 0  0.8 0.3 0  0.82 0.3 0  0.84 0.3 0  0.86 0.3 0  0.88 0.3 0  0.9 0.3 0  0.92 0.3 0  0.9399999999999999 0.3 0  0.96 0.3 0  0.98 0.3 0  1 0.3 0  0 0.32 0  0.02 0.32 0  0.04 0.32 0  0.06 0.32 0  0.08 0.32 0  0.1 0.32 0  0.12 0.32 0  0.14 0.32 0  0.16 0.32 0  0.18 0.32 0  0.2 0.32 0  0.22 0.32 0  0.24 0.32 0  0.26 0.32 0  0.28 0.32 0  0.3 0.32 0  0.32 0.32 0  0.34 0.32 0  0.36 0.32 0  0.38 0.32 0  0.4 0.32 0  0.42 0.32 0  0.44 0.32 0  0.46 0.32 0  0.48 0.32 0  0.5 0.32 0  0.52 0.32 0  0.54 0.32 0  0.5600000000000001 0.32 0  0.58 0.32 0  0.6 0.32 0  0.62 0.32 0  0.64 0.32 0  0.66 0.32 0  0.68 0.32 0  0.7 0.32 0  0.72 0.32 0  0.74 0.32 0  0.76 0.32 0  0.78 0.32 0  0.8 0.32 0  0.82 0.32 0  0.84 0.32 0  0.86 0.32 0  0.88 0.32 0  0.9 0.32 0  0.92 0.32 0  0.9399999999999999 0.32 0  0.96 0.32 0  0.98 0.32 0  1 0.32 0  0 0.34 0  0.02 0.34 0  0.04 0.34 0  0.06 0.34 0  0.08 0.34 0  0.1 0.34 0  0.12 0.34 0  0.14 0.34 0  0.16 0.34 0  0.18 0.34 0  0.2 0.34 0  0.22 0.34 0  0.24 0.34 0  0.26 0.34 0  0.28 0.34 0  0.3 0.34 0  0.32 0.34 0  0.34 0.34 0  0.36 0.34 0  0.38 0.34 0  0.4 0.34 0  0.42 0.34 0  0.44 0.34 0  0.46 0.34 0  0.48 0.34 0  0.5 0.34 0  0.52 0.34 0  0.54 0.34 0  0.5600000000000001 0.34 0  0.58 0.34 0  0.6 0.34 0  0.62 0.34 0  0.64 0.34 0  0.66 0.34 0  0.68 0.34 0  0.7 0.34 0  0.72 0.34 0  0.74 0.34 0  0.76 0.34 0  0.78 0.34 0  0.8 0.34 0  0.82 0.34 0  0.84 0.34 0  0.86 0.34 0  0.88 0.34 0  0.9 0.34 0  0.92 0.34 0  0.9399999999999999 0.34 0  0.96 0.34 0  0.98 0.34 0  1 0.34 0  0 0.36 0  0.02 0.36 0  0.04 0.36 0  0.06 0.36 0  0.08 0.36 0  0.1 0.36 0  0.12 0.36 0  0.14 0.36 0  0.16 0.36 0  0.18 0.36 0  0.2 0.36 0  0.22 0.36 0  0.24 0.36 0  0.26 0.36 0  0.28 0.36 0  0.3 0.36 0  0.32 0.36 0  0.34 0.36 0  0.36 0.36 0  0.38 0.36 0  0.4 0.36 0  0.42 0.36 0  0.44 0.36 0  0.46 0.36 0  0.48 0.36 0  0.5 0.36 0  0.52 0.36 0  0.54 0.36 0  0.5600000000000001 0.36 0  0.58 0.36 0  0.6 0.36 0  0.62 0.36 0  0.64 0.36 0  0.66 0.36 0  0.68 0.36 0  0.7 0.36 0  0.72 0.36 0  0.74 0.36 0  0.76 0.36 0  0.78 0.36 0  0.8 0.36 0  0.82 0.36 0  0.84 0.36 0  0.86 0.36 0  0.88 0.36 0  0.9 0.36 0  0.92 0.36 0  0.9399999999999999 0.36 0  0.96 0.36 0  0.98 0.36 0  1 0.36 0  0 0.38 0  0.02 0.38 0  0.04 0.38 0  0.06 0.38 0  0.08 0.38 0  0.1 0.38 0  0.12 0.38 0  0.14 0.38 0  0.16 0.38 0  0.18 0.38 0  0.2 0.38 0  0.22 0.38 0  0.24 0.38 0  0.26 0.38 0  0.28 0.38 0  0.3 0.38 0  0.32 0.38 0  0.34 0.38 0  0.36 0.38 0  0.38 0.38 0  0.4 0.38 0  0.42 0.38 0  0.44 0.38 0  0.46 0.38 0  0.48 0.38 0  0.5 0.38 0  0.52 0.38 0  0.54 0.38 0  0.5600000000000001 0.38 0  0.58 0.38 0  0.6 0.38 0  0.62 0.38 0  0.64 0.38 0  0.66 0.38 0  0.68 0.38 0  0.7 0.38 0  0.72 0.38 0  0.74 0.38 0  0.76 0.38 0  0.78 0.38 0  0.8 0.38 0  0.82 0.38 0  0.84 0.38 0  0.86 0.38 0  0.88 0.38 0  0.9 0.38 0  0.92 0.38 0  0.9399999999999999 0.38 0  0.96 0.38 0  0.98 0.38 0  1 0.38 0  0 0.4 0  0.02 0.4 0  0.04 0.4 0  0.06 0.4 0  0.08 0.4 0  0.1 0.4 0  0.12 0.4 0  0.14 0.4 0  0.16 0.4 0  0.18 0.4 0  0.2 0.4 0  0.22 0.4 0  0.24 0.4 0  0.26 0.4 0  0.28 0.4 0  0.3 0.4 0  0.32 0.4 0  0.34 0.4 0  0.36 0.4 0  0.38 0.4 0  0.4 0.4 0  0.42 0.4 0  0.44 0.4 0  0.46 0.4 0  0.48 0.4 0  0.5 0.4 0  0.52 0.4 0  0.54 0.4 0  0.5600000000000001 0.4 0  0.58 0.4 0  0.6 0.4 0  0.62 0.4 0  0.64 0.4 0  0.66 0.4 0  0.68 0.4 0  0.7 0.4 0  0.72 0.4 0  0.74 0.4 0  0.76 0.4 0  0.78 0.4 0  0.8 0.4 0  0.82 0.4 0  0.84 0.4 0  0.86 0.4 0  0.88 0.4 0  0.9 0.4 0  0.92 0.4 0  0.9399999999999999 0.4 0  0.96 0.4 0  0.98 0.4 0  1 0.4 0  0 0.42 0  0.02 0.42 0  0.04 0.42 0  0.06 0.42 0  0.08 0.42 0  0.1 0.42 0  0.12 0.42 0  0.14 0.42 0  0.16 0.42 0  0.18 0.42 0  0.2 0.42 0  0.22 0.42 0  0.24 0.42 0  0.26 0.42 0  0.28 0.42 0  0.3 0.42 0  0.32 0.42 0  0.34 0.42 0  0.36 0.42 0  0.38 0.42 0  0.4 0.42 0  0.42 0.42 0  0.44 0.42 0  0.46 0.42 0  0.48 0.42 0  0.5 0.42 0  0.52 0.42 0  0.54 0.42 0  0.5600000000000001 0.42 0  0.58 0.42 0  0.6 0.42 0  0.62 0.42 0  0.64 0.42 0  0.66 0.42 0  0.68 0.42 0  0.7 0.42 0  0.72 0.42 0  0.74 0.42 0  0.76 0.42 0  0.78 0.42 0  0.8 0.42 0  0.82 0.42 0  0.84 0.42 0  0.86 0.42 0  0.88 0.42 0  0.9 0.42 0  0.92 0.42 0  0.9399999999999999 0.42 0  0.96 0.42 0  0.98 0.42 0  1 0.42 0  0 0.44 0  0.02 0.44 0  0.04 0.44 0  0.06 0.44 0  0.08 0.44 0  0.1 0.44 0  0.12 0.44 0  0.14 0.44 0  0.16 0.44 0  0.18 0.44 0  0.2 0.44 0  0.22 0.44 0  0.24 0.44 0  0.26 0.44 0  0.28 0.44 0  0.3 0.44 0  0.32 0.44 0  0.34 0.44 0  0.36 0.44 0  0.38 0.44 0  0.4 0.44 0  0.42 0.44 0  0.44 0.44 0  0.46 0.44 0  0.48 0.44 0  0.5 0.44 0  0.52 0.44 0  0.54 0.44 0  0.5600000000000001 0.44 0  0.58 0.44 0  0.6 0.44 0  0.62 0.44 0  0.64 0.44 0  0.66 0.44 0  0.68 0.44 0  0.7 0.44 0  0.72 0.44 0  0.74 0.44 0  0.76 0.44 0  0.78 0.44 0  0.8 0.44 0  0.82 0.44 0  0.84 0.44 0  0.86 0.44 0  0.88 0.44 0  0.9 0.44 0  0.92 0.44 0  0.9399999999999999 0.44 0  0.96 0.44 0  0.98 0.44 0  1 0.44 0  0 0.46 0  0.02 0.46 0  0.04 0.46 0  0.06 0.46 0  0.08 0.46 0  0.1 0.46 0  0.12 0.46 0  0.14 0.46 0  0.16 0.46 0  0.18 0.46 0  0.2 0.46 0  0.22 0.46 0  0.24 0.46 0  0.26 0.46 0  0.28 0.46 0  0.3 0.46 0  0.32 0.46 0  0.34 0.46 0  0.36 0.46 0  0.38 0.46 0  0.4 0.46 0  0.42 0.46 0  0.44 0.46 0  0.46 0.46 0  0.48 0.46 0  0.5 0.46 0  0.52 0.46 0  0.54 0.46 0  0.5600000000000001 0.46 0  0.58 0.46 0  0.6 0.46 0  0.62 0.46 0  0.64 0.46 0  0.66 0.46 0  0.68 0.46 0  0.7 0.46 0  0.72 0.46 0  0.74 0.46 0  0.76 0.46 0  0.78 0.46 0  0.8 0.46 0  0.82 0.46 0  0.84 0.46 0  0.86 0.46 0  0.88 0.46 0  0.9 0.46 0  0.92 0.46 0  0.9399999999999999 0.46 0  0.96 0.46 0  0.98 0.46 0  1 0.46 0  0 0.48 0  0.02 0.48 0  0.04 0.48 0  0.06 0.48 0  0.08 0.48 0  0.1 0.48 0  0.12 0.48 0  0.14 0.48 0  0.16 0.48 0  0.18 0.48 0  0.2 0.48 0  0.22 0.48 0  0.24 0.48 0  0.26 0.48 0  0.28 0.48 0  0.3 0.48 0  0.32 0.48 0  0.34 0.48 0  0.36 0.48 0  0.38 0.48 0  0.4 0.48 0  0.42 0.48 0  0.44 0.48 0  0.46 0.48 0  0.48 0.48 0  0.5 0.48 0  0.52 0.48 0  0.54 0.48 0  0.5600000000000001 0.48 0  0.58 0.48 0  0.6 0.48 0  0.62 0.48 0  0.64 0.48 0  0.66 0.48 0  0.68 0.48 0  0.7 0.48 0  0.72 0.48 0  0.74 0.48 0  0.76 0.48 0  0.78 0.48 0  0.8 0.48 0  0.82 0.48 0  0.84 0.48 0  0.86 0.48 0  0.88 0.48 0  0.9 0.48 0  0.92 0.48 0  0.9399999999999999 0.48 0  0.96 0.48 0  0.98 0.48 0  1 0.48 0  0 0.5 0  0.02 0.5 0  0.04 0.5 0  0.06 0.5 0  0.08 0.5 0  0.1 0.5 0  0.12 0.5 0  0.14 0.5 0  0.16 0.5 0  0.18 0.5 0  0.2 0.5 0  0.22 0.5 0  0.24 0.5 0  0.26 0.5 0  0.28 0.5 0  0.3 0.5 0  0.32 0.5 0  0.34 0.5 0  0.36 0.5 0  0.38 0.5 0  0.4 0.5 0  0.42 0.5 0  0.44 0.5 0  0.46 0.5 0  0.48 0.5 0  0.5 0.5 0  0.52 0.5 0  0.54 0.5 0  0.5600000000000001 0.5 0  0.58 0.5 0  0.6 0.5 0  0.62 0.5 0  0.64 0.5 0  0.66 0.5 0  0.68 0.5 0  0.7 0.5 0  0.72 0.5 0  0.74 0.5 0  0.76 0.5 0  0.78 0.5 0  0.8 0.5 0  0.82 0.5 0  0.84 0.5 0  0.86 0.5 0  0.88 0.5 0  0.9 0.5 0  0.92 0.5 0  0.9399999999999999 0.5 0  0.96 0.5 0  0.98 0.5 0  1 0.5 0  0 0.52 0  0.02 0.52 0  0.04 0.52 0  0.06 0.52 0  0.08 0.52 0  0.1 0.52 0  0.12 0.52 0  0.14 0.52 0  0.16 0.52 0  0.18 0.52 0  0.2 0.52 0  0.22 0.52 0  0.24 0.52 0  0.26 0.52 0  0.28 0.52 0  0.3 0.52 0  0.32 0.52 0  0.34 0.52 0  0.36 0.52 0  0.38 0.52 0  0.4 0.52 0  0.42 0.52 0  0.44 0.52 0  0.46 0.52 0  0.48 0.52 0  0.5 0.52 0  0.52 0.52 0  0.54 0.52 0  0.5600000000000001 0.52 0  0.58 0.52 0  0.6 0.52 0  0.62 0.52 0  0.64 0.52 0  0.66 0.52 0  0.68 0.52 0  0.7 0.52 0  0.72 0.52 0  0.74 0.52 0  0.76 0.52 0  0.78 0.52 0  0.8 0.52 0  0.82 0.52 0  0.84 0.52 0  0.86 0.52 0  0.88 0.52 0  0.9 0.52 0  0.92 0.52 0  0.9399999999999999 0.52 0  0.96 0.52 0  0.98 0.52 0  1 0.52 0  0 0.54 0  0.02 0.54 0  0.04 0.54 0  0.06 0.54 0  0.08 0.54 0  0.1 0.54 0  0.12 0.54 0  0.14 0.54 0  0.16 0.54 0  0.18 0.54 0  0.2 0.54 0  0.22 0.54 0  0.24 0.54 0  0.26 0.54 0  0.28 0.54 0  0.3 0.54 0  0.32 0.54 0  0.34 0.54 0  0.36 0.54 0  0.38 0.54 0  0.4 0.54 0  0.42 0.54 0  0.44 0.54 0  0.46 0.54 0  0.48 0.54 0  0.5 0.54 0  0.52 0.54 0  0.54 0.54 0  0.5600000000000001 0.54 0  0.58 0.54 0  0.6 0.54 0  0.62 0.54 0  0.64 0.54 0  0.66 0.54 0  0.68 0.54 0  0.7 0.54 0  0.72 0.54 0  0.74 0.54 0  0.76 0.54 0  0.78 0.54 0  0.8 0.54 0  0.82 0.54 0  0.84 0.54 0  0.86 0.54 0  0.88 0.54 0  0.9 0.54 0  0.92 0.54 0  0.9399999999999999 0.54 0  0.96 0.54 0  0.98 0.54 0  1 0.54 0  0 0.5600000000000001 0  0.02 0.5600000000000001 0  0.04 0.5600000000000001 0  0.06 0.5600000000000001 0  0.08 0.5600000000000001 0  0.1 0.5600000000000001 0  0.12 0.5600000000000001 0  0.14 0.5600000000000001 0  0.16 0.5600000000000001 0  0.18 0.5600000000000001 0  0.2 0.5600000000000001 0  0.22 0.5600000000000001 0  0.24 0.5600000000000001 0  0.26 0.5600000000000001 0  0.28 0.5600000000000001 0  0.3 0.5600000000000001 0  0.32 0.5600000000000001 0  0.34 0.5600000000000001 0  0.36 0.5600000000000001 0  0.38 0.5600000000000001 0  0.4 0.5600000000000001 0  0.42 0.5600000000000001 0  0.44 0.5600000000000001 0  0.46 0.5600000000000001 0  0.48 0.5600000000000001 0  0.5 0.5600000000000001 0  0.52 0.5600000000000001 0  0.54 0.5600000000000001 0  0.5600000000000001 0.5600000000000001 0  0.58 0.5600000000000001 0  0.6 0.5600000000000001 0  0.62 0.5600000000000001 0  0.64 0.5600000000000001 0  0.66 0.5600000000000001 0  0.68 0.5600000000000001 0  0.7 0.5600000000000001 0  0.72 0.5600000000000001 0  0.74 0.5600000000000001 0  0.76 0.5600000000000001 0  0.78 0.5600000000000001 0  0.8 0.5600000000000001 0  0.82 0.5600000000000001 0  0.84 0.5600000000000001 0  0.86 0.5600000000000001 0  0.88 0.5600000000000001 0  0.9 0.5600000000000001 0  0.92 0.5600000000000001 0  0.9399999999999999 0.5600000000000001 0  0.96 0.5600000000000001 0  0.98 0.5600000000000001 0  1 0.5600000000000001 0  0 0.58 0  0.02 0.58 0  0.04 0.58 0  0.06 0.58 0  0.08 0.58 0  0.1 0.58 0  0.12 0.58 0  0.14 0.58 0  0.16 0.58 0  0.18 0.58 0  0.2 0.58 0  0.22 0.58 0  0.24 0.58 0  0.26 0.58 0  0.28 0.58 0  0.3 0.58 0  0.32 0.58 0  0.34 0.58 0  0.36 0.58 0  0.38 0.58 0  0.4 0.58 0  0.42 0.58 0  0.44 0.58 0  0.46 0.58 0  0.48 0.58 0  0.5 0.58 0  0.52 0.58 0  0.54 0.58 0  0.5600000000000001 0.58 0  0.58 0.58 0  0.6 0.58 0  0.62 0.58 0  0.64 0.58 0  0.66 0.58 0  0.68 0.58 0  0.7 0.58 0  0.72 0.58 0  0.74 0.58 0  0.76 0.58 0  0.78 0.58 0  0.8 0.58 0  0.82 0.58 0  0.84 0.58 0  0.86 0.58 0  0.88 0.58 0  0.9 0.58 0  0.92 0.58 0  0.9399999999999999 0.58 0  0.96 0.58 0  0.98 0.58 0  1 0.58 0  0 0.6 0  0.02 0.6 0  0.04 0.6 0  0.06 0.6 0  0.08 0.6 0  0.1 0.6 0  0.12 0.6 0  0.14 0.6 0  0.16 0.6 0  0.18 0.6 0  0.2 0.6 0  0.22 0.6 0  0.24 0.6 0  0.26 0.6 0  0.28 0.6 0  0.3 0.6 0  0.32 0.6 0  0.34 0.6 0  0.36 0.6 0  0.38 0.6 0  0.4 0.6 0  0.42 0.6 0  0.44 0.6 0  0.46 0.6 0  0.48 0.6 0  0.5 0.6 0  0.52 0.6 0  0.54 0.6 0  0.5600000000000001 0.6 0  0.58 0.6 0  0.6 0.6 0  0.62 0.6 0  0.64 0.6 0  0.66 0.6 0  0.68 0.6 0  0.7 0.6 0  0.72 0.6 0  0.74 0.6 0  0.76 0.6 0  0.78 0.6 0  0.8 0.6 0  0.82 0.6 0  0.84 0.6 0  0.86 0.6 0  0.88 0.6 0  0.9 0.6 0  0.92 0.6 0  0.9399999999999999 0.6 0  0.96 0.6 0  0.98 0.6 0  1 0.6 0  0 0.62 0  0.02 0.62 0  0.04 0.62 0  0.06 0.62 0  0.08 0.62 0  0.1 0.62 0  0.12 0.62 0  0.14 0.62 0  0.16 0.62 0  0.18 0.62 0  0.2 0.62 0  0.22 0.62 0  0.24 0.62 0  0.26 0.62 0  0.28 0.62 0  0.3 0.62 0  0.32 0.62 0  0.34 0.62 0  0.36 0.62 0  0.38 0.62 0  0.4 0.62 0  0.42 0.62 0  0.44 0.62 0  0.46 0.62 0  0.48 0.62 0  0.5 0.62 0  0.52 0.62 0  0.54 0.62 0  0.5600000000000001 0.62 0  0.58 0.62 0  0.6 0.62 0  0.62 0.62 0  0.64 0.62 0  0.66 0.62 0  0.68 0.62 0  0.7 0.62 0  0.72 0.62 0  0.74 0.62 0  0.76 0.62 0  0.78 0.62 0  0.8 0.62 0  0.82 0.62 0  0.84 0.62 0  0.86 0.62 0  0.88 0.62 0  0.9 0.62 0  0.92 0.62 0  0.9399999999999999 0.62 0  0.96 0.62 0  0.98 0.62 0  1 0.62 0  0 0.64 0  0.02 0.64 0  0.04 0.64 0  0.06 0.64 0  0.08 0.64 0  0.1 0.64 0  0.12 0.64 0  0.14 0.64 0  0.16 0.64 0  0.18 0.64 0  0.2 0.64 0  0.22 0.64 0  0.24 0.64 0  0.26 0.64 0  0.28 0.64 0  0.3 0.64 0  0.32 0.64 0  0.34 0.64 0  0.36 0.64 0  0.38 0.64 0  0.4 0.64 0  0.42 0.64 0  0.44 0.64 0  0.46 0.64 0  0.48 0.64 0  0.5 0.64 0  0.52 0.64 0  0.54 0.64 0  0.5600000000000001 0.64 0  0.58 0.64 0  0.6 0.64 0  0.62 0.64 0  0.64 0.64 0  0.66 0.64 0  0.68 0.64 0  0.7 0.64 0  0.72 0.64 0  0.74 0.64 0  0.76 0.64 0  0.78 0.64 0  0.8 0.64 0  0.82 0.64 0  0.84 0.64 0  0.86 0.64 0  0.88 0.64 0  0.9 0.64 0  0.92 0.64 0  0.9399999999999999 0.64 0  0.96 0.64 0  0.98 0.64 0  1 0.64 0  0 0.66 0  0.02 0.66 0  0.04 0.66 0  0.06 0.66 0  0.08 0.66 0  0.1 0.66 0  0.12 0.66 0  0.14 0.66 0  0.16 0.66 0  0.18 0.66 0  0.2 0.66 0  0.22 0.66 0  0.24 0.66 0  0.26 0.66 0  0.28 0.66 0  0.3 0.66 0  0.32 0.66 0  0.34 0.66 0  0.36 0.66 0  0.38 0.66 0  0.4 0.66 0  0.42 0.66 0  0.44 0.66 0  0.46 0.66 0  0.48 0.66 0  0.5 0.66 0  0.52 0.66 0  0.54 0.66 0  0.5600000000000001 0.66 0  0.58 0.66 0  0.6 0.66 0  0.62 0.66 0  0.64 0.66 0  0.66 0.66 0  0.68 0.66 0  0.7 0.66 0  0.72 0.66 0  0.74 0.66 0  0.76 0.66 0  0.78 0.66 0  0.8 0.66 0  0.82 0.66 0  0.84 0.66 0  0.86 0.66 0  0.88 0.66 0  0.9 0.66 0  0.92 0.66 0  0.9399999999999999 0.66 0  0.96 0.66 0  0.98 0.66 0  1 0.66 0  0 0.68 0  0.02 0.68 0  0.04 0.68 0  0.06 0.68 0  0.08 0.68 0  0.1 0.68 0  0.12 0.68 0  0.14 0.68 0  0.16 0.68 0  0.18 0.68 0  0.2 0.68 0  0.22 0.68 0  0.24 0.68 0  0.26 0.68 0  0.28 0.68 0  0.3 0.68 0  0.32 0.68 0  0.34 0.68 0  0.36 0.68 0  0.38 0.68 0  0.4 0.68 0  0.42 0.68 0  0.44 0.68 0  0.46 0.68 0  0.48 0.68 0  0.5 0.68 0  0.52 0.68 0  0.54 0.68 0  0.5600000000000001 0.68 0  0.58 0.68 0  0.6 0.68 0  0.62 0.68 0  0.64 0.68 0  0.66 0.68 0  0.68 0.68 0  0.7 0.68 0  0.72 0.68 0  0.74 0.68 0  0.76 0.68 0  0.78 0.68 0  0.8 0.68 0  0.82 0.68 0  0.84 0.68 0  0.86 0.68 0  0.88 0.68 0  0.9 0.68 0  0.92 0.68 0  0.9399999999999999 0.68 0  0.96 0.68 0  0.98 0.68 0  1 0.68 0  0 0.7 0  0.02 0.7 0  0.04 0.7 0  0.06 0.7 0  0.08 0.7 0  0.1 0.7 0  0.12 0.7 0  0.14 0.7 0  0.16 0.7 0  0.18 0.7 0  0.2 0.7 0  0.22 0.7 0  0.24 0.7 0  0.26 0.7 0  0.28 0.7 0  0.3 0.7 0  0.32 0.7 0  0.34 0.7 0  0.36 0.7 0  0.38 0.7 0  0.4 0.7 0  0.42 0.7 0  0.44 0.7 0  0.46 0.7 0  0.48 0.7 0  0.5 0.7 0  0.52 0.7 0  0.54 0.7 0  0.5600000000000001 0.7 0  0.58 0.7 0  0.6 0.7 0  0.62 0.7 0  0.64 0.7 0  0.66 0.7 0  0.68 0.7 0  0.7 0.7 0  0.72 0.7 0  0.74 0.7 0  0.76 0.7 0  0.78 0.7 0  0.8 0.7 0  0.82 0.7 0  0.84 0.7 0  0.86 0.7 0  0.88 0.7 0  0.9 0.7 0  0.92 0.7 0  0.9399999999999999 0.7 0  0.96 0.7 0  0.98 0.7 0  1 0.7 0  0 0.72 0  0.02 0.72 0  0.04 0.72 0  0.06 0.72 0  0.08 0.72 0  0.1 0.72 0  0.12 0.72 0  0.14 0.72 0  0.16 0.72 0  0.18 0.72 0  0.2 0.72 0  0.22 0.72 0  0.24 0.72 0  0.26 0.72 0  0.28 0.72 0  0.3 0.72 0  0.32 0.72 0  0.34 0.72 0  0.36 0.72 0  0.38 0.72 0  0.4 0.72 0  0.42 0.72 0  0.44 0.72 0  0.46 0.72 0  0.48 0.72 0  0.5 0.72 0  0.52 0.72 0  0.54 0.72 0  0.5600000000000001 0.72 0  0.58 0.72 0  0.6 0.72 0  0.62 0.72 0  0.64 0.72 0  0.66 0.72 0  0.68 0.72 0  0.7 0.72 0  0.72 0.72 0  0.74 0.72 0  0.76 0.72 0  0.78 0.72 0  0.8 0.72 0  0.82 0.72 0  0.84 0.72 0  0.86 0.72 0  0.88 0.72 0  0.9 0.72 0  0.92 0.72 0  0.9399999999999999 0.72 0  0.96 0.72 0  0.98 0.72 0  1 0.72 0  0 0.74 0  0.02 0.74 0  0.04 0.74 0  0.06 0.74 0  0.08 0.74 0  0.1 0.74 0  0.12 0.74 0  0.14 0.74 0  0.16 0.74 0  0.18 0.74 0  0.2 0.74 0  0.22 0.74 0  0.24 0.74 0  0.26 0.74 0  0.28 0.74 0  0.3 0.74 0  0.32 0.74 0  0.34 0.74 0  0.36 0.74 0  0.38 0.74 0  0.4 0.74 0  0.42 0.74 0  0.44 0.74 0  0.46 0.74 0  0.48 0.74 0  0.5 0.74 0  0.52 0.74 0  0.54 0.74 0  0.5600000000000001 0.74 0  0.58 0.74 0  0.6 0.74 0  0.62 0.74 0  0.64 0.74 0  0.66 0.74 0  0.68 0.74 0  0.7 0.74 0  0.72 0.74 0  0.74 0.74 0  0.76 0.74 0  0.78 0.74 0  0.8 0.74 0  0.82 0.74 0  0.84 0.74 0  0.86 0.74 0  0.88 0.74 0  0.9 0.74 0  0.92 0.74 0  0.9399999999999999 0.74 0  0.96 0.74 0  0.98 0.74 0  1 0.74 0  0 0.76 0  0.02 0.76 0  0.04 0.76 0  0.06 0.76 0  0.08 0.76 0  0.1 0.76 0  0.12 0.76 0  0.14 0.76 0  0.16 0.76 0  0.18 0.76 0  0.2 0.76 0  0.22 0.76 0  0.24 0.76 0  0.26 0.76 0  0.28 0.76 0  0.3 0.76 0  0.32 0.76 0  0.34 0.76 0  0.36 0.76 0  0.38 0.76 0  0.4 0.76 0  0.42 0.76 0  0.44 0.76 0  0.46 0.76 0  0.48 0.76 0  0.5 0.76 0  0.52 0.76 0  0.54 0.76 0  0.5600000000000001 0.76 0  0.58 0.76 0  0.6 0.76 0  0.62 0.76 0  0.64 0.76 0  0.66 0.76 0  0.68 0.76 0  0.7 0.76 0  0.72 0.76 0  0.74 0.76 0  0.76 0.76 0  0.78 0.76 0  0.8 0.76 0  0.82 0.76 0  0.84 0.76 0  0.86 0.76 0  0.88 0.76 0  0.9 0.76 0  0.92 0.76 0  0.9399999999999999 0.76 0  0.96 0.76 0  0.98 0.76 0  1 0.76 0  0 0.78 0  0.02 0.78 0  0.04 0.78 0  0.06 0.78 0  0.08 0.78 0  0.1 0.78 0  0.12 0.78 0  0.14 0.78 0  0.16 0.78 0  0.18 0.78 0  0.2 0.78 0  0.22 0.78 0  0.24 0.78 0  0.26 0.78 0  0.28 0.78 0  0.3 0.78 0  0.32 0.78 0  0.34 0.78 0  0.36 0.78 0  0.38 0.78 0  0.4 0.78 0  0.42 0.78 0  0.44 0.78 0  0.46 0.78 0  0.48 0.78 0  0.5 0.78 0  0.52 0.78 0  0.54 0.78 0  0.5600000000000001 0.78 0  0.58 0.78 0  0.6 0.78 0  0.62 0.78 0  0.64 0.78 0  0.66 0.78 0  0.68 0.78 0  0.7 0.78 0  0.72 0.78 0  0.74 0.78 0  0.76 0.78 0  0.78 0.78 0  0.8 0.78 0  0.82 0.78 0  0.84 0.78 0  0.86 0.78 0  0.88 0.78 0  0.9 0.78 0  0.92 0.78 0  0.9399999999999999 0.78 0  0.96 0.78 0  0.98 0.78 0  1 0.78 0  0 0.8 0  0.02 0.8 0  0.04 0.8 0  0.06 0.8 0  0.08 0.8 0  0.1 0.8 0  0.12 0.8 0  0.14 0.8 0  0.16 0.8 0  0.18 0.8 0  0.2 0.8 0  0.22 0.8 0  0.24 0.8 0  0.26 0.8 0  0.28 0.8 0  0.3 0.8 0  0.32 0.8 0  0.34 0.8 0  0.36 0.8 0  0.38 0.8 0  0.4 0.8 0  0.42 0.8 0  0.44 0.8 0  0.46 0.8 0  0.48 0.8 0  0.5 0.8 0  0.52 0.8 0  0.54 0.8 0  0.5600000000000001 0.8 0  0.58 0.8 0  0.6 0.8 0  0.62 0.8 0  0.64 0.8 0  0.66 0.8 0  0.68 0.8 0  0.7 0.8 0  0.72 0.8 0  0.74 0.8 0  0.76 0.8 0  0.78 0.8 0  0.8 0.8 0  0.82 0.8 0  0.84 0.8 0  0.86 0.8 0  0.88 0.8 0  0.9 0.8 0  0.92 0.8 0  0.9399999999999999 0.8 0  0.96 0.8 0  0.98 0.8 0  1 0.8 0  0 0.82 0  0.02 0.82 0  0.04 0.82 0  0.06 0.82 0  0.08 0.82 0  0.1 0.82 0  0.12 0.82 0  0.14 0.82 0  0.16 0.82 0  0.18 0.82 0  0.2 0.82 0  0.22 0.82 0  0.24 0.82 0  0.26 0.82 0  0.28 0.82 0  0.3 0.82 0  0.32 0.82 0  0.34 0.82 0  0.36 0.82 0  0.38 0.82 0  0.4 0.82 0  0.42 0.82 0  0.44 0.82 0  0.46 0.82 0  0.48 0.82 0  0.5 0.82 0  0.52 0.82 0  0.54 0.82 0  0.5600000000000001 0.82 0  0.58 0.82 0  0.6 0.82 0  0.62 0.82 0  0.64 0.82 0  0.66 0.82 0  0.68 0.82 0  0.7 0.82 0  0.72 0.82 0  0.74 0.82 0  0.76 0.82 0  0.78 0.82 0  0.8 0.82 0  0.82 0.82 0  0.84 0.82 0  0.86 0.82 0  0.88 0.82 0  0.9 0.82 0  0.92 0.82 0  0.9399999999999999 0.82 0  0.96 0.82 0  0.98 0.82 0  1 0.82 0  0 0.84 0  0.02 0.84 0  0.04 0.84 0  0.06 0.84 0  0.08 0.84 0  0.1 0.84 0  0.12 0.84 0  0.14 0.84 0  0.16 0.84 0  0.18 0.84 0  0.2 0.84 0  0.22 0.84 0  0.24 0.84 0  0.26 0.84 0  0.28 0.84 0  0.3 0.84 0  0.32 0.84 0  0.34 0.84 0  0.36 0.84 0  0.38 0.84 0  0.4 0.84 0  0.42 0.84 0  0.44 0.84 0  0.46 0.84 0  0.48 0.84 0  0.5 0.84 0  0.52 0.84 0  0.54 0.84 0  0.5600000000000001 0.84 0  0.58 0.84 0  0.6 0.84 0  0.62 0.84 0  0.64 0.84 0  0.66 0.84 0  0.68 0.84 0  0.7 0.84 0  0.72 0.84 0  0.74 0.84 0  0.76 0.84 0  0.78 0.84 0  0.8 0.84 0  0.82 0.84 0  0.84 0.84 0  0.86 0.84 0  0.88 0.84 0  0.9 0.84 0  0.92 0.84 0  0.9399999999999999 0.84 0  0.96 0.84 0  0.98 0.84 0  1 0.84 0  0 0.86 0  0.02 0.86 0  0.04 0.86 0  0.06 0.86 0  0.08 0.86 0  0.1 0.86 0  0.12 0.86 0  0.14 0.86 0  0.16 0.86 0  0.18 0.86 0  0.2 0.86 0  0.22 0.86 0  0.24 0.86 0  0.26 0.86 0  0.28 0.86 0  0.3 0.86 0  0.32 0.86 0  0.34 0.86 0  0.36 0.86 0  0.38 0.86 0  0.4 0.86 0  0.42 0.86 0  0.44 0.86 0  0.46 0.86 0  0.48 0.86 0  0.5 0.86 0  0.52 0.86 0  0.54 0.86 0  0.5600000000000001 0.86 0  0.58 0.86 0  0.6 0.86 0  0.62 0.86 0  0.64 0.86 0  0.66 0.86 0  0.68 0.86 0  0.7 0.86 0  0.72 0.86 0  0.74 0.86 0  0.76 0.86 0  0.78 0.86 0  0.8 0.86 0  0.82 0.86 0  0.84 0.86 0  0.86 0.86 0  0.88 0.86 0  0.9 0.86 0  0.92 0.86 0  0.9399999999999999 0.86 0  0.96 0.86 0  0.98 0.86 0  1 0.86 0  0 0.88 0  0.02 0.88 0  0.04 0.88 0  0.06 0.88 0  0.08 0.88 0  0.1 0.88 0  0.12 0.88 0  0.14 0.88 0  0.16 0.88 0  0.18 0.88 0  0.2 0.88 0  0.22 0.88 0  0.24 0.88 0  0.26 0.88 0  0.28 0.88 0  0.3 0.88 0  0.32 0.88 0  0.34 0.88 0  0.36 0.88 0  0.38 0.88 0  0.4 0.88 0  0.42 0.88 0  0.44 0.88 0  0.46 0.88 0  0.48 0.88 0  0.5 0.88 0  0.52 0.88 0  0.54 0.88 0  0.5600000000000001 0.88 0  0.58 0.88 0  0.6 0.88 0  0.62 0.88 0  0.64 0.88 0  0.66 0.88 0  0.68 0.88 0  0.7 0.88 0  0.72 0.88 0  0.74 0.88 0  0.76 0.88 0  0.78 0.88 0  0.8 0.88 0  0.82 0.88 0  0.84 0.88 0  0.86 0.88 0  0.88 0.88 0  0.9 0.88 0  0.92 0.88 0  0.9399999999999999 0.88 0  0.96 0.88 0  0.98 0.88 0  1 0.88 0  0 0.9 0  0.02 0.9 0  0.04 0.9 0  0.06 0.9 0  0.08 0.9 0  0.1 0.9 0  0.12 0.9 0  0.14 0.9 0  0.16 0.9 0  0.18 0.9 0  0.2 0.9 0  0.22 0.9 0  0.24 0.9 0  0.26 0.9 0  0.28 0.9 0  0.3 0.9 0  0.32 0.9 0  0.34 0.9 0  0.36 0.9 0  0.38 0.9 0  0.4 0.9 0  0.42 0.9 0  0.44 0.9 0  0.46 0.9 0  0.48 0.9 0  0.5 0.9 0  0.52 0.9 0  0.54 0.9 0  0.5600000000000001 0.9 0  0.58 0.9 0  0.6 0.9 0  0.62 0.9 0  0.64 0.9 0  0.66 0.9 0  0.68 0.9 0  0.7 0.9 0  0.72 0.9 0  0.74 0.9 0  0.76 0.9 0  0.78 0.9 0  0.8 0.9 0  0.82 0.9 0  0.84 0.9 0  0.86 0.9 0  0.88 0.9 0  0.9 0.9 0  0.92 0.9 0  0.9399999999999999 0.9 0  0.96 0.9 0  0.98 0.9 0  1 0.9 0  0 0.92 0  0.02 0.92 0  0.04 0.92 0  0.06 0.92 0  0.08 0.92 0  0.1 0.92 0  0.12 0.92 0  0.14 0.92 0  0.16 0.92 0  0.18 0.92 0  0.2 0.92 0  0.22 0.92 0  0.24 0.92 0  0.26 0.92 0  0.28 0.92 0  0.3 0.92 0  0.32 0.92 0  0.34 0.92 0  0.36 0.92 0  0.38 0.92 0  0.4 0.92 0  0.42 0.92 0  0.44 0.92 0  0.46 0.92 0  0.48 0.92 0  0.5 0.92 0  0.52 0.92 0  0.54 0.92 0  0.5600000000000001 0.92 0  0.58 0.92 0  0.6 0.92 0  0.62 0.92 0  0.64 0.92 0  0.66 0.92 0  0.68 0.92 0  0.7 0.92 0  0.72 0.92 0  0.74 0.92 0  0.76 0.92 0  0.78 0.92 0  0.8 0.92 0  0.82 0.92 0  0.84 0.92 0  0.86 0.92 0  0.88 0.92 0  0.9 0.92 0  0.92 0.92 0  0.9399999999999999 0.92 0  0.96 0.92 0  0.98 0.92 0  1 0.92 0  0 0.9399999999999999 0  0.02 0.9399999999999999 0  0.04 0.9399999999999999 0  0.06 0.9399999999999999 0  0.08 0.9399999999999999 0  0.1 0.9399999999999999 0  0.12 0.9399999999999999 0  0.14 0.9399999999999999 0  0.16 0.9399999999999999 0  0.18 0.9399999999999999 0  0.2 0.9399999999999999 0  0.22 0.9399999999999999 0  0.24 0.9399999999999999 0  0.26 0.9399999999999999 0  0.28 0.9399999999999999 0  0.3 0.9399999999999999 0  0.32 0.9399999999999999 0  0.34 0.9399999999999999 0  0.36 0.9399999999999999 0  0.38 0.9399999999999999 0  0.4 0.9399999999999999 0  0.42 0.9399999999999999 0  0.44 0.9399999999999999 0  0.46 0.9399999999999999 0  0.48 0.9399999999999999 0  0.5 0.9399999999999999 0  0.52 0.9399999999999999 0  0.54 0.9399999999999999 0  0.5600000000000001 0.9399999999999999 0  0.58 0.9399999999999999 0  0.6 0.9399999999999999 0  0.62 0.9399999999999999 0  0.64 0.9399999999999999 0  0.66 0.9399999999999999 0  0.68 0.9399999999999999 0  0.7 0.9399999999999999 0  0.72 0.9399999999999999 0  0.74 0.9399999999999999 0  0.76 0.9399999999999999 0  0.78 0.9399999999999999 0  0.8 0.9399999999999999 0  0.82 0.9399999999999999 0  0.84 0.9399999999999999 0  0.86 0.9399999999999999 0  0.88 0.9399999999999999 0  0.9 0.9399999999999999 0  0.92 0.9399999999999999 0  0.9399999999999999 0.9399999999999999 0  0.96 0.9399999999999999 0  0.98 0.9399999999999999 0  1 0.9399999999999999 0  0 0.96 0  0.02 0.96 0  0.04 0.96 0  0.06 0.96 0  0.08 0.96 0  0.1 0.96 0  0.12 0.96 0  0.14 0.96 0  0.16 0.96 0  0.18 0.96 0  0.2 0.96 0  0.22 0.96 0  0.24 0.96 0  0.26 0.96 0  0.28 0.96 0  0.3 0.96 0  0.32 0.96 0  0.34 0.96 0  0.36 0.96 0  0.38 0.96 0  0.4 0.96 0  0.42 0.96 0  0.44 0.96 0  0.46 0.96 0  0.48 0.96 0  0.5 0.96 0  0.52 0.96 0  0.54 0.96 0  0.5600000000000001 0.96 0  0.58 0.96 0  0.6 0.96 0  0.62 0.96 0  0.64 0.96 0  0.66 0.96 0  0.68 0.96 0  0.7 0.96 0  0.72 0.96 0  0.74 0.96 0  0.76 0.96 0  0.78 0.96 0  0.8 0.96 0  0.82 0.96 0  0.84 0.96 0  0.86 0.96 0  0.88 0.96 0  0.9 0.96 0  0.92 0.96 0  0.9399999999999999 0.96 0  0.96 0.96 0  0.98 0.96 0  1 0.96 0  0 0.98 0  0.02 0.98 0  0.04 0.98 0  0.06 0.98 0  0.08 0.98 0  0.1 0.98 0  0.12 0.98 0  0.14 0.98 0  0.16 0.98 0  0.18 0.98 0  0.2 0.98 0  0.22 0.98 0  0.24 0.98 0  0.26 0.98 0  0.28 0.98 0  0.3 0.98 0  0.32 0.98 0  0.34 0.98 0  0.36 0.98 0  0.38 0.98 0  0.4 0.98 0  0.42 0.98 0  0.44 0.98 0  0.46 0.98 0  0.48 0.98 0  0.5 0.98 0  0.52 0.98 0  0.54 0.98 0  0.5600000000000001 0.98 0  0.58 0.98 0  0.6 0.98 0  0.62 0.98 0  0.64 0.98 0  0.66 0.98 0  0.68 0.98 0  0.7 0.98 0  0.72 0.98 0  0.74 0.98 0  0.76 0.98 0  0.78 0.98 0  0.8 0.98 0  0.82 0.98 0  0.84 0.98 0  0.86 0.98 0  0.88 0.98 0  0.9 0.98 0  0.92 0.98 0  0.9399999999999999 0.98 0  0.96 0.98 0  0.98 0.98 0  1 0.98 0  0 1 0  0.02 1 0  0.04 1 0  0.06 1 0  0.08 1 0  0.1 1 0  0.12 1 0  0.14 1 0  0.16 1 0  0.18 1 0  0.2 1 0  0.22 1 0  0.24 1 0  0.26 1 0  0.28 1 0  0.3 1 0  0.32 1 0  0.34 1 0  0.36 1 0  0.38 1 0  0.4 1 0  0.42 1 0  0.44 1 0  0.46 1 0  0.48 1 0  0.5 1 0  0.52 1 0  0.54 1 0  0.5600000000000001 1 0  0.58 1 0  0.6 1 0  0.62 1 0  0.64 1 0  0.66 1 0  0.68 1 0  0.7 1 0  0.72 1 0  0.74 1 0  0.76 1 0  0.78 1 0  0.8 1 0  0.82 1 0  0.84 1 0  0.86 1 0  0.88 1 0  0.9 1 0  0.92 1 0  0.9399999999999999 1 0  0.96 1 0  0.98 1 0  1 1 0  </DataArray>
</Points>
<Cells>
<DataArray  type="UInt32"  Name="connectivity"  format="ascii">0 1 52  0 51 52  1 2 53  1 52 53  2 3 54  2 53 54  3 4 55  3 54 55  4 5 56  4 55 56  5 6 57  5 56 57  6 7 58  6 57 58  7 8 59  7 58 59  8 9 60  8 59 60  9 10 61  9 60 61  10 11 62  10 61 62  11 12 63  11 62 63  12 13 64  12 63 64  13 14 65  13 64 65  14 15 66  14 65 66  15 16 67  15 66 67  16 17 68  16 67 68  17 18 69  17 68 69  18 19 70  18 69 70  19 20 71  19 70 71  20 21 72  20 71 72  21 22 73  21 72 73  22 23 74  22 73 74  23 24 75  23 74 75  24 25 76  24 75 76  25 26 77  25 76 77  26 27 78  26 77 78  27 28 79  27 78 79  28 29 80  28 79 80  29 30 81  29 80 81  30 31 82  30 81 82  31 32 83  31 82 83  32 33 84  32 83 84  33 34 85  33 84 85  34 35 86  34 85 86  35 36 87  35 86 87  36 37 88  36 87 88  37 38 89  37 88 89  38 39 90  38 89 90  39 40 91  39 90 91  40 41 92  40 91 92  41 42 93  41 92 93  42 43 94  42 93 94  43 44 95  43 94 95  44 45 96  44 95 96  45 46 97  45 96 97  46 47 98  46 97 98  47 48 99  47 98 99  48 49 100  48 99 100  49 50 101  49 100 101  51 52 103  51 102 103  52 53 104  52 103 104  53 54 105  53 104 105  54 55 106  54 105 106  55 56 107  55 106 107  56 57 108  56 107 108  57 58 109  57 108 109  58 59 110  58 109 110  59 60 111  59 110 111  60 61 112  60 111 112  61 62 113  61 112 113  62 63 114  62 113 114  63 64 115  63 114 115  64 65 116  64 115 116  65 66 117  65 116 117  66 67 118  66 117 118  67 68 119  67 118 119  68 69 120  68 119 120  69 70 121  69 120 121  70 71 122  70 121 122  71 72 123  71 122 123  72 73 124  72 123 124  73 74 125  73 124 125  74 75 126  74 125 126  75 76 127  75 126 127  76 77 128  76 127 128  77 78 129  77 128 129  78 79 130  78 129 130  79 80 131  79 130 131  80 81 132  80 131 132  81 82 133  81 132 133  82 83 134  82 133 134  83 84 135  83 134 135  84 85 136  84 135 136  85 86 137  85 136 137  86 87 138  86 137 138  87 88 139  87 138 139  88 89 140  88 139 140  89 90 141  89 140 141  90 91 142  90 141 142  91 92 143  91 142 143  92 93 144  92 143 144  93 94 145  93 144 145  94 95 146  94 145 146  95 96 147  95 146 147  96 97 148  96 147 148  97 98 149  97 148 149  98 99 150  98 149 150  99 100 151  99 150 151  100 101 152  100 151 152  102 103 154  102 153 154  103 104 155  103 154 155  104 105 156  104 155 156  105 106 157  105 156 157  106 107 158  106 157 158  107 108 159  107 158 159  108 109 160  108 159 160  109 110 161  109 160 161  110 111 162  110 161 162  111 112 163  111 162 163  112 113 164  112 163 164  113 114 165  113 164 165  114 115 166  114 165 166  115 116 167  115 166 167  116 117 168  116 167 168  117 118 169  117 168 169  118 119 170  118 169 170  119 120 171  119 170 171  120 121 172  120 171 172  121 122 173  121 172 173  122 123 174  122 173 174  123 124 175  123 174 175  124 125 176  124 175 176  125 126 177  125 176 177  126 127 178  126 177 178  127 128 179  127 178 179  128 129 180  128 179 180  129 130 181  129 180 181  130 131 182  130 181 182  131 132 183  131 182 183  132 133 184  132 183 184  133 134 185  133 184 185  134 135 186  134 185 186  135 136 187  135 186 187  136 137 188  136 187 188  137 138 189  137 188 189  138 139 190  138 189 190  139 140 191  139 190 191  140 141 192  140 191 192  141 142 193  141 192 193  142 143 194  142 193 194  143 144 195  143 194 195  144 145 196  144 195 196  145 146 197  145 196 197  146 147 198  146 197 198  147 148 199  147 198 199  148 149 200  148 199 200  149 150 201  149 200 201  150 151 202  150 201 202  151 152 203  151 202 203  153 154 205  153 204 205  154 155 206  154 205 206  155 156 207  155 206 207  156 157 208  156 207 208  157 158 209  157 208 209  158 159 210  158 209 210  159 160 211  159 210 211  160 161 212  160 211 212  161 162 213  161 212 213  162 163 214  162 213 214  163 164 215  163 214 215  164 165 216  164 215 216  165 166 217  165 216 217  166 167 218  166 217 218  167 168 219  167 218 219  168 169 220  168 219 220  169 170 221  169 220 221  170 171 222  170 221 222  171 172 223  171 222 223  172 173 224  172 223 224  173 174 225  173 224 225  174 175 226  174 225 226  175 176 227  175 226 227  176 177 228  176 227 228  177 178 229  177 228 229  178 179 230  178 229 230  179 180 231  179 230 231  180 181 232  180 231 232  181 182 233  181 232 233  182 183 234  182 233 234  183 184 235  183 234 235  184 185 236  184 235 236  185 186 237  185 236 237  186 187 238  186 237 238  187 188 239  187 238 239  188 189 240  188 239 240  189 190 241  189 240 241  190 191 242  190 241 242  191 192 243  191 242 243  192 193 244  192 243 244  193 194 245  193 244 245  194 195 246  194 245 246  195 196 247  195 246 247  196 197 248  196 247 248  197 198 249  197 248 249  198 199 250  198 249 250  199 200 251  199 250 251  200 201 252  200 251 252  201 202 253  201 252 253  202 203 254  202 253 254  204 205 256  204 255 256  205 206 257  205 256 257  206 207 258  206 257 258  207 208 259  207 258 259  208 209 260  208 259 260  209 210 261  209 260 261  210 211 262  210 261 262  211 212 263  211 262 263  212 213 264  212 263 264  213 214 265  213 264 265  214 215 266  214 265 266  215 216 267  215 266 267  216 217 268  216 267 268  217 218 269  217 268 269  218 219 270  218 269 270  219 220 271  219 270 271  220 221 272  220 271 272  221 222 273  221 272 273  222 223 274  222 273 274  223 224 275  223 274 275  224 225 276  224 275 276  225 226 277  225 276 277  226 227 278  226 277 278  227 228 279  227 278 279  228 229 280  228 279 280  229 230 281  229 280 281  230 231 282  230 281 282  231 232 283  231 282 283  232 233 284  232 283 284  233 234 285  233 284 285  234 235 286  234 285 286  235 236 287  235 286 287  236 237 288  236 287 288  237 238 289  237 288 289  238 239 290  238 289 290  239 240 291  239 290 291  240 241 292  240 291 292  241 242 293  241 292 293  242 243 294  242 293 294  243 244 295  243 294 295  244 245 296  244 295 296  245 246 297  245 296 297  246 247 298  246 297 298  247 248 299  247 298 299  248 249 300  248 299 300  249 250 301  249 300 301  250 251 302  250 301 302  251 252 303  251 302 303  252 253 304  252 303 304  253 254 305  253 304 305  255 256 307  255 306 307  256 257 308  256 307 308  257 258 309  257 308 309  258 259 310  258 309 310  259 260 311  259 310 311  260 261 312  260 311 312  261 262 313  261 312 313  262 263 314  262 313 314  263 264 315  263 314 315  264 265 316  264 315 316  265 266 317  265 316 317  266 267 318  266 317 318  267 268 319  267 318 319  268 269 320  268 319 320  269 270 321  269 320 321  270 271 322  270 321 322  271 272 323  271 322 323  272 273 324  272 323 324  273 274 325  273 324 325  274 275 326  274 325 326  275 276 327  275 326 327  276 277 328  276 327 328  277 278 329  277 328 329  278 279 330  278 329 330  279 280 331  279 330 331  280 281 332  280 331 332  281 282 333  281 332 333  282 283 334  282 333 334  283 284 335  283 334 335  284 285 336  284 335 336  285 286 337  285 336 337  286 287 338  286 337 338  287 288 339  287 338 339  288 289 340  288 339 340  289 290 341  289 340 341  290 291 342  290 341 342  291 292 343  291 342 343  292 293 344  292 343 344  293 294 345  293 344 345  294 295 346  294 345 346  295 296 347  295 346 347  296 297 348  296 347 348  297 298 349  297 348 349  298 299 350  298 349 350  299 300 351  299 350 351  300 301 352  300 351 352  301 302 353  301 352 353  302 303 354  302 353 354  303 304 355  303 354 355  304 305 356  304 355 356  306 307 358  306 357 358  307 308 359  307 358 359  308 309 360  308 359 360  309 310 361  309 360 361  310 311 362  310 361 362  311 312 363  311 362 363  312 313 364  312 363 364  313 314 365  313 364 365  314 315 366  314 365 366  315 316 367  315 366 367  316 317 368  316 367 368  317 318 369  317 368 369  318 319 370  318 369 370  319 320 371  319 370 371  320 321 372  320 371 372  321 322 373  321 372 373  322 323 374  322 373 374  323 324 375  323 374 375  324 325 376  324 375 376  325 326 377  325 376 377  326 327 378  326 377 378  327 328 379  327 378 379  328 329 380  328 379 380  329 330 381  329 380 381  330 331 382  330 381 382  331 332 383  331 382 383  332 333 384  332 383 384  333 334 385  333 384 385  334 335 386  334 385 386  335 336 387  335 386 387  336 337 388  336 387 388  337 338 389  337 388 389  338 339 390  338 389 390  339 340 391  339 390 391  340 341 392  340 391 392  341 342 393  341 392 393  342 343 394  342 393 394  343 344 395  343 394 395  344 345 396  344 395 396  345 346 397  345 396 397  346 347 398  346 397 398  347 348 399  347 398 399  348 349 400  348 399 400  349 350 401  349 400 401  350 351 402  350 401 402  351 352 403  351 402 403  352 353 404  352 403 404  353 354 405  353 404 405  354 355 406  354 405 406  355 356 407  355 406 407  357 358 409  357 408 409  358 359 410  358 409 410  359 360 411  359 410 411  360 361 412  360 411 412  361 362 413  361 412 413  362 363 414  362 413 414  363 364 415  363 414 415  364 365 416  364 415 416  365 366 417  365 416 417  366 367 418  366 417 418  367 368 419  367 418 419  368 369 420  368 419 420  369 370 421  369 420 421  370 371 422  370 421 422  371 372 423  371 422 423  372 373 424  372 423 424  373 374 425  373 424 425  374 375 426  374 425 426  375 376 427  375 426 427  376 377 428  376 427 428  377 378 429  377 428 429  378 379 430  378 429 430  379 380 431  379 430 431  380 381 432  380 431 432  381 382 433  381 432 433  382 383 434  382 433 434  383 384 435  383 434 435  384 385 436  384 435 436  385 386 437  385 436 437  386 387 438  386 437 438  387 388 439  387 438 439  388 389 440  388 439 440  389 390 441  389 440 441  390 391 442  390 441 442  391 392 443  391 442 443  392 393 444  392 443 444  393 394 445  393 444 445  394 395 446  394 445 446  395 396 447  395 446 447  396 397 448  396 447 448  397 398 449  397 448 449  398 399 450  398 449 450  399 400 451  399 450 451  400 401 452  400 451 452  401 402 453  401 452 453  402 403 454  402 453 454  403 404 455  403 454 455  404 405 456  404 455 456  405 406 457  405 456 457  406 407 458  406 457 458  408 409 460  408 459 460  409 410 461  409 460 461  410 411 462  410 461 462  411 412 463  411 462 463  412 413 464  412 463 464  413 414 465  413 464 465  414 415 466  414 465 466  415 416 467  415 466 467  416 417 468  416 467 468  417 418 469  417 468 469  418 419 470  418 469 470  419 420 471  419 470 471  420 421 472  420 471 472  421 422 473  421 472 473  422 423 474  422 473 474  423 424 475  423 474 475  424 425 476  424 475 476  425 426 477  425 476 477  426 427 478  426 477 478  427 428 479  427 478 479  428 429 480  428 479 480  429 430 481  429 480 481  430 431 482  430 481 482  431 432 483  431 482 483  432 433 484  432 483 484  433 434 485  433 484 485  434 435 486  434 485 486  435 436 487  435 486 487  436 437 488  436 487 488  437 438 489  437 488 489  438 439 490  438 489 490  439 440 491  439 490 491  440 441 492  440 491 492  441 442 493  441 492 493  442 443 494  442 493 494  443 444 495  443 494 495  444 445 496  444 495 496  445 446 497  445 496 497  446 447 498  446 497 498  447 448 499  447 498 499  448 449 500  448 499 500  449 450 501  449 500 501  450 451 502  450 501 502  451 452 503  451 502 503  452 453 504  452 503 504  453 454 505  453 504 505  454 455 506  454 505 506  455 456 507  455 506 507  456 457 508  456 507 508  457 458 509  457 508 509  459 460 511  459 510 511  460 461 512  460 511 512  461 462 513  461 512 513  462 463 514  462 513 514  463 464 515  463 514 515  464 465 516  464 515 516  465 466 517  465 516 517  466 467 518  466 517 518  467 468 519  467 518 519  468 469 520  468 519 520  469 470 521  469 520 521  470 471 522  470 521 522  471 472 523  471 522 523  472 473 524  472 523 524  473 474 525  473 524 525  474 475 526  474 525 526  475 476 527  475 526 527  476 477 528  476 527 528  477 478 529  477 528 529  478 479 530  478 529 530  479 480 531  479 530 531  480 481 532  480 531 532  481 482 533  481 532 533  482 483 534  482 533 534  483 484 535  483 534 535  484 485 536  484 535 536  485 486 537  485 536 537  486 487 538  486 537 538  487 488 539  487 538 539  488 489 540  488 539 540  489 490 541  489 540 541  490 491 542  490 541 542  491 492 543  491 542 543  492 493 544  492 543 544  493 494 545  493 544 545  494 495 546  494 545 546  495 496 547  495 546 547  496 497 548  496 547 548  497 498 549  497 548 549  498 499 550  498 549 550  499 500 551  499 550 551  500 501 552  500 551 552  501 502 553  501 552 553  502 503 554  502 553 554  503 504 555  503 554 555  504 505 556  504 555 556  505 506 557  505 556 557  506 507 558  506 557 558  507 508 559  507 558 559  508 509 560  508 559 560  510 511 562  510 561 562  511 512 563  511 562 563  512 513 564  512 563 564  513 514 565  513 564 565  514 515 566  514 565 566  515 516 567  515 566 567  516 517 568  516 567 568  517 518 569  517 568 569  518 519 570  518 569 570  519 520 571  519 570 571  520 521 572  520 571 572  521 522 573  521 572 573  522 523 574  522 573 574  523 524 575  523 574 575  524 525 576  524 575 576  525 526 577  525 576 577  526 527 578  526 577 578  527 528 579  527 578 579  528 529 580  528 579 580  529 530 581  529 580 581  530 531 582  530 581 582  531 532 583  531 582 583  532 533 584  532 583 584  533 534 585  533 584 585  534 535 586  534 585 586  535 536 587  535 586 587  536 537 588  536 587 588  537 538 589  537 588 589  538 539 590  538 589 590  539 540 591  539 590 591  540 541 592  540 591 592  541 542 593  541 592 593  542 543 594  542 593 594  543 544 595  543 594 595  544 545 596  544 595 596  545 546 597  545 596 597  546 547 598  546 597 598  547 548 599  547 598 599  548 549 600  548 599 600  549 550 601  549 600 601  550 551 602  550 601 602  551 552 603  551 602 603  552 553 604  552 603 604  553 554 605  553 604 605  554 555 606  554 605 606  555 556 607  555 606 607  556 557 608  556 607 608  557 558 609  557 608 609  558 559 610  558 609 610  559 560 611  559 610 611  561 562 613  561 612 613  562 563 614  562 613 614  563 564 615  563 614 615  564 565 616  564 615 616  565 566 617  565 616 617  566 567 618  566 617 618  567 568 619  567 618 619  568 569 620  568 619 620  569 570 621  569 620 621  570 571 622  570 621 622  571 572 623  571 622 623  572 573 624  572 623 624  573 574 625  573 624 625  574 575 626  574 625 626  575 576 627  575 626 627  576 577 628  576 627 628  577 578 629  577 628 629  578 579 630  578 629 630  579 580 631  579 630 631  580 581 632  580 631 632  581 582 633  581 632 633  582 583 634  582 633 634  583 584 635  583 634 635  584 585 636  584 635 636  585 586 637  585 636 637  586 587 638  586 637 638  587 588 639  587 638 639  588 589 640  588 639 640  589 590 641  589 640 641  590 591 642  590 641 642  591 592 643  591 642 643  592 593 644  592 643 644  593 594 645  593 644 645  594 595 646  594 645 646  595 596 647  595 646 647  596 597 648  596 647 648  597 598 649  597 648 649  598 599 650  598 649 650  599 600 651  599 650 651  600 601 652  600 651 652  601 602 653  601 652 653  602 603 654  602 653 654  603 604 655  603 654 655  604 605 656  604 655 656  605 606 657  605 656 657  606 607 658  606 657 658  607 608 659  607 658 659  608 609 660  608 659 660  609 610 661  609 660 661  610 611 662  610 661 662  612 613 664  612 663 664  613 614 665  613 664 665  614 615 666  614 665 666  615 616 667  615 666 667  616 617 668  616 667 668  617 618 669  617 668 669  618 619 670  618 669 670  619 620 671  619 670 671  620 621 672  620 671 672  621 622 673  621 672 673  622 623 674  622 673 674  623 624 675  623 674 675  624 625 676  624 675 676  625 626 677  625 676 677  626 627 678  626 677 678  627 628 679  627 678 679  628 629 680  628 679 680  629 630 681  629 680 681  630 631 682  630 681 682  631 632 683  631 682 683  632 633 684  632 683 684  633 634 685  633 684 685  634 635 686  634 685 686  635 636 687  635 686 687  636 637 688  636 687 688  637 638 689  637 688 689  638 639 690  638 689 690  639 640 691  639 690 691  640 641 692  640 691 692  641 642 693  641 692 693  642 643 694  642 693 694  643 644 695  643 694 695  644 645 696  644 695 696  645 646 697  645 696 697  646 647 698  646 697 698  647 648 699  647 698 699  648 649 700  648 699 700  649 650 701  649 700 701  650 651 702  650 701 702  651 652 703  651 702 703  652 653 704  652 703 704  653 654 705  653 704 705  654 655 706  654 705 706  655 656 707  655 706 707  656 657 708  656 707 708  657 658 709  657 708 709  658 659 710  658 709 710  659 660 711  659 710 711  660 661 712  660 711 712  661 662 713  661 712 713  663 664 715  663 714 715  664 665 716  664 715 716  665 666 717  665 716 717  666 667 718  666 717 718  667 668 719  667 718 719  668 669 720  668 719 720  669 670 721  669 720 721  670 671 722  670 721 722  671 672 723  671 722 723  672 673 724  672 723 724  673 674 725  673 724 725  674 675 726  674 725 726  675 676 727  675 726 727  676 677 728  676 727 728  677 678 729  677 728 729  678 679 730  678 729 730  679 680 731  679 730 731  680 681 732  680 731 732  681 682 733  681 732 733  682 683 734  682 733 734  683 684 735  683 734 735  684 685 736  684 735 736  685 686 737  685 736 737  686 687 738  686 737 738  687 688 739  687 738 739  688 689 740  688 739 740  689 690 741  689 740 741  690 691 742  690 741 742  691 692 743  691 742 743  692 693 744  692 743 744  693 694 745  693 744 745  694 695 746  694 745 746  695 696 747  695 746 747  696 697 748  696 747 748  697 698 749  697 748 749  698 699 750  698 749 750  699 700 751  699 750 751  700 701 752  700 751 752  701 702 753  701 752 753  702 703 754  702 753 754  703 704 755  703 754 755  704 705 756  704 755 756  705 706 757  705 756 757  706 707 758  706 757 758  707 708 759  707 758 759  708 709 760  708 759 760  709 710 761  709 760 761  710 711 762  710 761 762  711 712 763  711 762 763  712 713 764  712 763 764  714 715 766  714 765 766  715 716 767  715 766 767  716 717 768  716 767 768  717 718 769  717 768 769  718 719 770  718 769 770  719 720 771  719 770 771  720 721 772  720 771 772  721 722 773  721 772 773  722 723 774  722 773 774  723 724 775  723 774 775  724 725 776  724 775 776  725 726 777  725 776 777  726 727 778  726 777 778  727 728 779  727 778 779  728 729 780  728 779 780  729 730 781  729 780 781  730 731 782  730 781 782  731 732 783  731 782 783  732 733 784  732 783 784  733 734 785  733 784 785  734 735 786  734 785 786  735 736 787  735 786 787  736 737 788  736 787 788  737 738 789  737 788 789  738 739 790  738 789 790  739 740 791  739 790 791  740 741 792  740 791 792  741 742 793  741 792 793  742 743 794  742 793 794  743 744 795  743 794 795  744 745 796  744 795 796  745 746 797  745 796 797  746 747 798  746 797 798  747 748 799  747 798 799  748 749 800  748 799 800  749 750 801  749 800 801  750 751 802  750 801 802  751 752 803  751 802 803  752 753 804  752 803 804  753 754 805  753 804 805  754 755 806  754 805 806  755 756 807  755 806 807  756 757 808  756 807 808  757 758 809  757 808 809  758 759 810  758 809 810  759 760 811  759 810 811  760 761 812  760 811 812  761 762 813  761 812 813  762 763 814  762 813 814  763 764 815  763 814 815  765 766 817  765 816 817  766 767 818  766 817 818  767 768 819  767 818 819  768 769 820  768 819 820  769 770 821  769 820 821  770 771 822  770 821 822  771 772 823  771 822 823  772 773 824  772 823 824  773 774 825  773 824 825  774 775 826  774 825 826  775 776 827  775 826 827  776 777 828  776 827 828  777 778 829  777 828 829  778 779 830  778 829 830  779 780 831  779 830 831  780 781 832  780 831 832  781 782 833  781 832 833  782 783 834  782 833 834  783 784 835  783 834 835  784 785 836  784 835 836  785 786 837  785 836 837  786 787 838  786 837 838  787 788 839  787 838 839  788 789 840  788 839 840  789 790 841  789 840 841  790 791 842  790 841 842  791 792 843  791 842 843  792 793 844  792 843 844  793 794 845  793 844 845  794 795 846  794 845 846  795 796 847  795 846 847  796 797 848  796 847 848  797 798 849  797 848 849  798 799 850  798 849 850  799 800 851  799 850 851  800 801 852  800 851 852  801 802 853  801 852 853  802 803 854  802 853 854  803 804 855  803 854 855  804 805 856  804 855 856  805 806 857  805 856 857  806 807 858  806 857 858  807 808 859  807 858 859  808 809 860  808 859 860  809 810 861  809 860 861  810 811 862  810 861 862  811 812 863  811 862 863  812 813 864  812 863 864  813 814 865  813 864 865  814 815 866  814 865 866  816 817 868  816 867 868  817 818 869  817 868 869  818 819 870  818 869 870  819 820 871  819 870 871  820 821 872  820 871 872  821 822 873  821 872 873  822 823 874  822 873 874  823 824 875  823 874 875  824 825 876  824 875 876  825 826 877  825 876 877  826 827 878  826 877 878  827 828 879  827 878 879  828 829 880  828 879 880  829 830 881  829 880 881  830 831 882  830 881 882  831 832 883  831 882 883  832 833 884  832 883 884  833 834 885  833 884 885  834 835 886  834 885 886  835 836 887  835 886 887  836 837 888  836 887 888  837 838 889  837 888 889  838 839 890  838 889 890  839 840 891  839 890 891  840 841 892  840 891 892  841 842 893  841 892 893  842 843 894  842 893 894  843 844 895  843 894 895  844 845 896  844 895 896  845 846 897  845 896 897  846 847 898  846 897 898  847 848 899  847 898 899  848 849 900  848 899 900  849 850 901  849 900 901  850 851 902  850 901 902  851 852 903  851 902 903  852 853 904  852 903 904  853 854 905  853 904 905  854 855 906  854 905 906  855 856 907  855 906 907  856 857 908  856 907 908  857 858 909  857 908 909  858 859 910  858 909 910  859 860 911  859 910 911  860 861 912  860 911 912  861 862 913  861 912 913  862 863 914  862 913 914  863 864 915  863 914 915  864 865 916  864 915 916  865 866 917  865 916 917  867 868 919  867 918 919  868 869 920  868 919 920  869 870 921  869 920 921  870 871 922  870 921 922  871 872 923  871 922 923  872 873 924  872 923 924  873 874 925  873 924 925  874 875 926  874 925 926  875 876 927  875 926 927  876 877 928  876 927 928  877 878 929  877 928 929  878 879 930  878 929 930  879 880 931  879 930 931  880 881 932  880 931 932  881 882 933  881 932 933  882 883 934  882 933 934  883 884 935  883 934 935  884 885 936  884 935 936  885 886 937  885 936 937  886 887 938  886 937 938  887 888 939  887 938 939  888 889 940  888 939 940  889 890 941  889 940 941  890 891 942  890 941 942  891 892 943  891 942 943  892 893 944  892 943 944  893 894 945  893 944 945  894 895 946  894 945 946  895 896 947  895 946 947  896 897 948  896 947 948  897 898 949  897 948 949  898 899 950  898 949 950  899 900 951  899 950 951  900 901 952  900 951 952  901 902 953  901 952 953  902 903 954  902 953 954  903 904 955  903 954 955  904 905 956  904 955 956  905 906 957  905 956 957  906 907 958  906 957 958  907 908 959  907 958 959  908 909 960  908 959 960  909 910 961  909 960 961  910 911 962  910 961 962  911 912 963  911 962 963  912 913 964  912 963 964  913 914 965  913 964 965  914 915 966  914 965 966  915 916 967  915 966 967  916 917 968  916 967 968  918 919 970  918 969 970  919 920 971  919 970 971  920 921 972  920 971 972  921 922 973  921 972 973  922 923 974  922 973 974  923 924 975  923 974 975  924 925 976  924 975 976  925 926 977  925 976 977  926 927 978  926 977 978  927 928 979  927 978 979  928 929 980  928 979 980  929 930 981  929 980 981  930 931 982  930 981 982  931 932 983  931 982 983  932 933 984  932 983 984  933 934 985  933 984 985  934 935 986  934 985 986  935 936 987  935 986 987  936 937 988  936 987 988  937 938 989  937 988 989  938 939 990  938 989 990  939 940 991  939 990 991  940 941 992  940 991 992  941 942 993  941 992 993  942 943 994  942 993 994  943 944 995  943 994 995  944 945 996  944 995 996  945 946 997  945 996 997  946 947 998  946 997 998  947 948 999  947 998 999  948 949 1000  948 999 1000  949 950 1001  949 1000 1001  950 951 1002  950 1001 1002  951 952 1003  951 1002 1003  952 953 1004  952 1003 1004  953 954 1005  953 1004 1005  954 955 1006  954 1005 1006  955 956 1007  955 1006 1007  956 957 1008  956 1007 1008  957 958 1009  957 1008 1009  958 959 1010  958 1009 1010  959 960 1011  959 1010 1011  960 961 1012  960 1011 1012  961 962 1013  961 1012 1013  962 963 1014  962 1013 1014  963 964 1015  963 1014 1015  964 965 1016  964 1015 1016  965 966 1017  965 1016 1017  966 967 1018  966 1017 1018  967 968 1019  967 1018 1019  969 970 1021  969 1020 1021  970 971 1022  970 1021 1022  971 972 1023  971 1022 1023  972 973 1024  972 1023 1024  973 974 1025  973 1024 1025  974 975 1026  974 1025 1026  975 976 1027  975 1026 1027  976 977 1028  976 1027 1028  977 978 1029  977 1028 1029  978 979 1030  978 1029 1030  979 980 1031  979 1030 1031  980 981 1032  980 1031 1032  981 982 1033  981 1032 1033  982 983 1034  982 1033 1034  983 984 1035  983 1034 1035  984 985 1036  984 1035 1036  985 986 1037  985 1036 1037  986 987 1038  986 1037 1038  987 988 1039  987 1038 1039  988 989 1040  988 1039 1040  989 990 1041  989 1040 1041  990 991 1042  990 1041 1042  991 992 1043  991 1042 1043  992 993 1044  992 1043 1044  993 994 1045  993 1044 1045  994 995 1046  994 1045 1046  995 996 1047  995 1046 1047  996 997 1048  996 1047 1048  997 998 1049  997 1048 1049  998 999 1050  998 1049 1050  999 1000 1051  999 1050 1051  1000 1001 1052  1000 1051 1052  1001 1002 1053  1001 1052 1053  1002 1003 1054  1002 1053 1054  1003 1004 1055  1003 1054 1055  1004 1005 1056  1004 1055 1056  1005 1006 1057  1005 1056 1057  1006 1007 1058  1006 1057 1058  1007 1008 1059  1007 1058 1059  1008 1009 1060  1008 1059 1060  1009 1010 1061  1009 1060 1061  1010 1011 1062  1010 1061 1062  1011 1012 1063  1011 1062 1063  1012 1013 1064  1012 1063 1064  1013 1014 1065  1013 1064 1065  1014 1015 1066  1014 1065 1066  1015 1016 1067  1015 1066 1067  1016 1017 1068  1016 1067 1068  1017 1018 1069  1017 1068 1069  1018 1019 1070  1018 1069 1070  1020 1021 1072  1020 1071 1072  1021 1022 1073  1021 1072 1073  1022 1023 1074  1022 1073 1074  1023 1024 1075  1023 1074 1075  1024 1025 1076  1024 1075 1076  1025 1026 1077  1025 1076 1077  1026 1027 1078  1026 1077 1078  1027 1028 1079  1027 1078 1079  1028 1029 1080  1028 1079 1080  1029 1030 1081  1029 1080 1081  1030 1031 1082  1030 1081 1082  1031 1032 1083  1031 1082 1083  1032 1033 1084  1032 1083 1084  1033 1034 1085  1033 1084 1085  1034 1035 1086  1034 1085 1086  1035 1036 1087  1035 1086 1087  1036 1037 1088  1036 1087 1088  1037 1038 1089  1037 1088 1089  1038 1039 1090  1038 1089 1090  1039 1040 1091  1039 1090 1091  1040 1041 1092  1040 1091 1092  1041 1042 1093  1041 1092 1093  1042 1043 1094  1042 1093 1094  1043 1044 1095  1043 1094 1095  1044 1045 1096  1044 1095 1096  1045 1046 1097  1045 1096 1097  1046 1047 1098  1046 1097 1098  1047 1048 1099  1047 1098 1099  1048 1049 1100  1048 1099 1100  1049 1050 1101  1049 1100 1101  1050 1051 1102  1050 1101 1102  1051 1052 1103  1051 1102 1103  1052 1053 1104  1052 1103 1104  1053 1054 1105  1053 1104 1105  1054 1055 1106  1054 1105 1106  1055 1056 1107  1055 1106 1107  1056 1057 1108  1056 1107 1108  1057 1058 1109  1057 1108 1109  1058 1059 1110  1058 1109 1110  1059 1060 1111  1059 1110 1111  1060 1061 1112  1060 1111 1112  1061 1062 1113  1061 1112 1113  1062 1063 1114  1062 1113 1114  1063 1064 1115  1063 1114 1115  1064 1065 1116  1064 1115 1116  1065 1066 1117  1065 1116 1117  1066 1067 1118  1066 1117 1118  1067 1068 1119  1067 1118 1119  1068 1069 1120  1068 1119 1120  1069 1070 1121  1069 1120 1121  1071 1072 1123  1071 1122 1123  1072 1073 1124  1072 1123 1124  1073 1074 1125  1073 1124 1125  1074 1075 1126  1074 1125 1126  1075 1076 1127  1075 1126 1127  1076 1077 1128  1076 1127 1128  1077 1078 1129  1077 1128 1129  1078 1079 1130  1078 1129 1130  1079 1080 1131  1079 1130 1131  1080 1081 1132  1080 1131 1132  1081 1082 1133  1081 1132 1133  1082 1083 1134  1082 1133 1134  1083 1084 1135  1083 1134 1135  1084 1085 1136  1084 1135 1136  1085 1086 1137  1085 1136 1137  1086 1087 1138  1086 1137 1138  1087 1088 1139  1087 1138 1139  1088 1089 1140  1088 1139 1140  1089 1090 1141  1089 1140 1141  1090 1091 1142  1090 1141 1142  1091 1092 1143  1091 1142 1143  1092 1093 1144  1092 1143 1144  1093 1094 1145  1093 1144 1145  1094 1095 1146  1094 1145 1146  1095 1096 1147  1095 1146 1147  1096 1097 1148  1096 1147 1148  1097 1098 1149  1097 1148 1149  1098 1099 1150  1098 1149 1150  1099 1100 1151  1099 1150 1151  1100 1101 1152  1100 1151 1152  1101 1102 1153  1101 1152 1153  1102 1103 1154  1102 1153 1154  1103 1104 1155  1103 1154 1155  1104 1105 1156  1104 1155 1156  1105 1106 1157  1105 1156 1157  1106 1107 1158  1106 1157 1158  1107 1108 1159  1107 1158 1159  1108 1109 1160  1108 1159 1160  1109 1110 1161  1109 1160 1161  1110 1111 1162  1110 1161 1162  1111 1112 1163  1111 1162 1163  1112 1113 1164  1112 1163 1164  1113 1114 1165  1113 1164 1165  1114 1115 1166  1114 1165 1166  1115 1116 1167  1115 1166 1167  1116 1117 1168  1116 1167 1168  1117 1118 1169  1117 1168 1169  1118 1119 1170  1118 1169 1170  1119 1120 1171  1119 1170 1171  1120 1121 1172  1120 1171 1172  1122 1123 1174  1122 1173 1174  1123 1124 1175  1123 1174 1175  1124 1125 1176  1124 1175 1176  1125 1126 1177  1125 1176 1177  1126 1127 1178  1126 1177 1178  1127 1128 1179  1127 1178 1179  1128 1129 1180  1128 1179 1180  1129 1130 1181  1129 1180 1181  1130 1131 1182  1130 1181 1182  1131 1132 1183  1131 1182 1183  1132 1133 1184  1132 1183 1184  1133 1134 1185  1133 1184 1185  1134 1135 1186  1134 1185 1186  1135 1136 1187  1135 1186 1187  1136 1137 1188  1136 1187 1188  1137 1138 1189  1137 1188 1189  1138 1139 1190  1138 1189 1190  1139 1140 1191  1139 1190 1191  1140 1141 1192  1140 1191 1192  1141 1142 1193  1141 1192 1193  1142 1143 1194  1142 1193 1194  1143 1144 1195  1143 1194 1195  1144 1145 1196  1144 1195 1196  1145 1146 1197  1145 1196 1197  1146 1147 1198  1146 1197 1198  1147 1148 1199  1147 1198 1199  1148 1149 1200  1148 1199 1200  1149 1150 1201  1149 1200 1201  1150 1151 1202  1150 1201 1202  1151 1152 1203  1151 1202 1203  1152 1153 1204  1152 1203 1204  1153 1154 1205  1153 1204 1205  1154 1155 1206  1154 1205 1206  1155 1156 1207  1155 1206 1207  1156 1157 1208  1156 1207 1208  1157 1158 1209  1157 1208 1209  1158 1159 1210  1158 1209 1210  1159 1160 1211  1159 1210 1211  1160 1161 1212  1160 1211 1212  1161 1162 1213  1161 1212 1213  1162 1163 1214  1162 1213 1214  1163 1164 1215  1163 1214 1215  1164 1165 1216  1164 1215 1216  1165 1166 1217  1165 1216 1217  1166 1167 1218  1166 1217 1218  1167 1168 1219  1167 1218 1219  1168 1169 1220  1168 1219 1220  1169 1170 1221  1169 1220 1221  1170 1171 1222  1170 1221 1222  1171 1172 1223  1171 1222 1223  1173 1174 1225  1173 1224 1225  1174 1175 1226  1174 1225 1226  1175 1176 1227  1175 1226 1227  1176 1177 1228  1176 1227 1228  1177 1178 1229  1177 1228 1229  1178 1179 1230  1178 1229 1230  1179 1180 1231  1179 1230 1231  1180 1181 1232  1180 1231 1232  1181 1182 1233  1181 1232 1233  1182 1183 1234  1182 1233 1234  1183 1184 1235  1183 1234 1235  1184 1185 1236  1184 1235 1236  1185 1186 1237  1185 1236 1237  1186 1187 1238  1186 1237 1238  1187 1188 1239  1187 1238 1239  1188 1189 1240  1188 1239 1240  1189 1190 1241  1189 1240 1241  1190 1191 1242  1190 1241 1242  1191 1192 1243  1191 1242 1243  1192 1193 1244  1192 1243 1244  1193 1194 1245  1193 1244 1245  1194 1195 1246  1194 1245 1246  1195 1196 1247  1195 1246 1247  1196 1197 1248  1196 1247 1248  1197 1198 1249  1197 1248 1249  1198 1199 1250  1198 1249 1250  1199 1200 1251  1199 1250 1251  1200 1201 1252  1200 1251 1252  1201 1202 1253  1201 1252 1253  1202 1203 1254  1202 1253 1254  1203 1204 1255  1203 1254 1255  1204 1205 1256  1204 1255 1256  1205 1206 1257  1205 1256 1257  1206 1207 1258  1206 1257 1258  1207 1208 1259  1207 1258 1259  1208 1209 1260  1208 1259 1260  1209 1210 1261  1209 1260 1261  1210 1211 1262  1210 1261 1262  1211 1212 1263  1211 1262 1263  1212 1213 1264  1212 1263 1264  1213 1214 1265  1213 1264 1265  1214 1215 1266  1214 1265 1266  1215 1216 1267  1215 1266 1267  1216 1217 1268  1216 1267 1268  1217 1218 1269  1217 1268 1269  1218 1219 1270  1218 1269 1270  1219 1220 1271  1219 1270 1271  1220 1221 1272  1220 1271 1272  1221 1222 1273  1221 1272 1273  1222 1223 1274  1222 1273 1274  1224 1225 1276  1224 1275 1276  1225 1226 1277  1225 1276 1277  1226 1227 1278  1226 1277 1278  1227 1228 1279  1227 1278 1279  1228 1229 1280  1228 1279 1280  1229 1230 1281  1229 1280 1281  1230 1231 1282  1230 1281 1282  1231 1232 1283  1231 1282 1283  1232 1233 1284  1232 1283 1284  1233 1234 1285  1233 1284 1285  1234 1235 1286  1234 1285 1286  1235 1236 1287  1235 1286 1287  1236 1237 1288  1236 1287 1288  1237 1238 1289  1237 1288 1289  1238 1239 1290  1238 1289 1290  1239 1240 1291  1239 1290 1291  1240 1241 1292  1240 1291 1292  1241 1242 1293  1241 1292 1293  1242 1243 1294  1242 1293 1294  1243 1244 1295  1243 1294 1295  1244 1245 1296  1244 1295 1296  1245 1246 1297  1245 1296 1297  1246 1247 1298  1246 1297 1298  1247 1248 1299  1247 1298 1299  1248 1249 1300  1248 1299 1300  1249 1250 1301  1249 1300 1301  1250 1251 1302  1250 1301 1302  1251 1252 1303  1251 1302 1303  1252 1253 1304  1252 1303 1304  1253 1254 1305  1253 1304 1305  1254 1255 1306  1254 1305 1306  1255 1256 1307  1255 1306 1307  1256 1257 1308  1256 1307 1308  1257 1258 1309  1257 1308 1309  1258 1259 1310  1258 1309 1310  1259 1260 1311  1259 1310 1311  1260 1261 1312  1260 1311 1312  1261 1262 1313  1261 1312 1313  1262 1263 1314  1262 1313 1314  1263 1264 1315  1263 1314 1315  1264 1265 1316  1264 1315 1316  1265 1266 1317  1265 1316 1317  1266 1267 1318  1266 1317 1318  1267 1268 1319  1267 1318 1319  1268 1269 1320  1268 1319 1320  1269 1270 1321  1269 1320 1321  1270 1271 1322  1270 1321 1322  1271 1272 1323  1271 1322 1323  1272 1273 1324  1272 1323 1324  1273 1274 1325  1273 1324 1325  1275 1276 1327  1275 1326 1327  1276 1277 1328  1276 1327 1328  1277 1278 1329  1277 1328 1329  1278 1279 1330  1278 1329 1330  1279 1280 1331  1279 1330 1331  1280 1281 1332  1280 1331 1332  1281 1282 1333  1281 1332 1333  1282 1283 1334  1282 1333 1334  1283 1284 1335  1283 1334 1335  1284 1285 1336  1284 1335 1336  1285 1286 1337  1285 1336 1337  1286 1287 1338  1286 1337 1338  1287 1288 1339  1287 1338 1339  1288 1289 1340  1288 1339 1340  1289 1290 1341  1289 1340 1341  1290 1291 1342  1290 1341 1342  1291 1292 1343  1291 1342 1343  1292 1293 1344  1292 1343 1344  1293 1294 1345  1293 1344 1345  1294 1295 1346  1294 1345 1346  1295 1296 1347  1295 1346 1347  1296 1297 1348  1296 1347 1348  1297 1298 1349  1297 1348 1349  1298 1299 1350  1298 1349 1350  1299 1300 1351  1299 1350 1351  1300 1301 1352  1300 1351 1352  1301 1302 1353  1301 1352 1353  1302 1303 1354  1302 1353 1354  1303 1304 1355  1303 1354 1355  1304 1305 1356  1304 1355 1356  1305 1306 1357  1305 1356 1357  1306 1307 1358  1306 1357 1358  1307 1308 1359  1307 1358 1359  1308 1309 1360  1308 1359 1360  1309 1310 1361  1309 1360 1361  1310 1311 1362  1310 1361 1362  1311 1312 1363  1311 1362 1363  1312 1313 1364  1312 1363 1364  1313 1314 1365  1313 1364 1365  1314 1315 1366  1314 1365 1366  1315 1316 1367  1315 1366 1367  1316 1317 1368  1316 1367 1368  1317 1318 1369  1317 1368 1369  1318 1319 1370  1318 1369 1370  1319 1320 1371  1319 1370 1371  1320 1321 1372  1320 1371 1372  1321 1322 1373  1321 1372 1373  1322 1323 1374  1322 1373 1374  1323 1324 1375  1323 1374 1375  1324 1325 1376  1324 1375 1376  1326 1327 1378  1326 1377 1378  1327 1328 1379  1327 1378 1379  1328 1329 1380  1328 1379 1380  1329 1330 1381  1329 1380 1381  1330 1331 1382  1330 1381 1382  1331 1332 1383  1331 1382 1383  1332 1333 1384  1332 1383 1384  1333 1334 1385  1333 1384 1385  1334 1335 1386  1334 1385 1386  1335 1336 1387  1335 1386 1387  1336 1337 1388  1336 1387 1388  1337 1338 1389  1337 1388 1389  1338 1339 1390  1338 1389 1390  1339 1340 1391  1339 1390 1391  1340 1341 1392  1340 1391 1392  1341 1342 1393  1341 1392 1393  1342 1343 1394  1342 1393 1394  1343 1344 1395  1343 1394 1395  1344 1345 1396  1344 1395 1396  1345 1346 1397  1345 1396 1397  1346 1347 1398  1346 1397 1398  1347 1348 1399  1347 1398 1399  1348 1349 1400  1348 1399 1400  1349 1350 1401  1349 1400 1401  1350 1351 1402  1350 1401 1402  1351 1352 1403  1351 1402 1403  1352 1353 1404  1352 1403 1404  1353 1354 1405  1353 1404 1405  1354 1355 1406  1354 1405 1406  1355 1356 1407  1355 1406 1407  1356 1357 1408  1356 1407 1408  1357 1358 1409  1357 1408 1409  1358 1359 1410  1358 1409 1410  1359 1360 1411  1359 1410 1411  1360 1361 1412  1360 1411 1412  1361 1362 1413  1361 1412 1413  1362 1363 1414  1362 1413 1414  1363 1364 1415  1363 1414 1415  1364 1365 1416  1364 1415 1416  1365 1366 1417  1365 1416 1417  1366 1367 1418  1366 1417 1418  1367 1368 1419  1367 1418 1419  1368 1369 1420  1368 1419 1420  1369 1370 1421  1369 1420 1421  1370 1371 1422  1370 1421 1422  1371 1372 1423  1371 1422 1423  1372 1373 1424  1372 1423 1424  1373 1374 1425  1373 1424 1425  1374 1375 1426  1374 1425 1426  1375 1376 1427  1375 1426 1427  1377 1378 1429  1377 1428 1429  1378 1379 1430  1378 1429 1430  1379 1380 1431  1379 1430 1431  1380 1381 1432  1380 1431 1432  1381 1382 1433  1381 1432 1433  1382 1383 1434  1382 1433 1434  1383 1384 1435  1383 1434 1435  1384 1385 1436  1384 1435 1436  1385 1386 1437  1385 1436 1437  1386 1387 1438  1386 1437 1438  1387 1388 1439  1387 1438 1439  1388 1389 1440  1388 1439 1440  1389 1390 1441  1389 1440 1441  1390 1391 1442  1390 1441 1442  1391 1392 1443  1391 1442 1443  1392 1393 1444  1392 1443 1444  1393 1394 1445  1393 1444 1445  1394 1395 1446  1394 1445 1446  1395 1396 1447  1395 1446 1447  1396 1397 1448  1396 1447 1448  1397 1398 1449  1397 1448 1449  1398 1399 1450  1398 1449 1450  1399 1400 1451  1399 1450 1451  1400 1401 1452  1400 1451 1452  1401 1402 1453  1401 1452 1453  1402 1403 1454  1402 1453 1454  1403 1404 1455  1403 1454 1455  1404 1405 1456  1404 1455 1456  1405 1406 1457  1405 1456 1457  1406 1407 1458  1406 1457 1458  1407 1408 1459  1407 1458 1459  1408 1409 1460  1408 1459 1460  1409 1410 1461  1409 1460 1461  1410 1411 1462  1410 1461 1462  1411 1412 1463  1411 1462 1463  1412 1413 1464  1412 1463 1464  1413 1414 1465  1413 1464 1465  1414 1415 1466  1414 1465 1466  1415 1416 1467  1415 1466 1467  1416 1417 1468  1416 1467 1468  1417 1418 1469  1417 1468 1469  1418 1419 1470  1418 1469 1470  1419 1420 1471  1419 1470 1471  1420 1421 1472  1420 1471 1472  1421 1422 1473  1421 1472 1473  1422 1423 1474  1422 1473 1474  1423 1424 1475  1423 1474 1475  1424 1425 1476  1424 1475 1476  1425 1426 1477  1425 1476 1477  1426 1427 1478  1426 1477 1478  1428 1429 1480  1428 1479 1480  1429 1430 1481  1429 1480 1481  1430 1431 1482  1430 1481 1482  1431 1432 1483  1431 1482 1483  1432 1433 1484  1432 1483 1484  1433 1434 1485  1433 1484 1485  1434 1435 1486  1434 1485 1486  1435 1436 1487  1435 1486 1487  1436 1437 1488  1436 1487 1488  1437 1438 1489  1437 1488 1489  1438 1439 1490  1438 1489 1490  1439 1440 1491  1439 1490 1491  1440 1441 1492  1440 1491 1492  1441 1442 1493  1441 1492 1493  1442 1443 1494  1442 1493 1494  1443 1444 1495  1443 1494 1495  1444 1445 1496  1444 1495 1496  1445 1446 1497  1445 1496 1497  1446 1447 1498  1446 1497 1498  1447 1448 1499  1447 1498 1499  1448 1449 1500  1448 1499 1500  1449 1450 1501  1449 1500 1501  1450 1451 1502  1450 1501 1502  1451 1452 1503  1451 1502 1503  1452 1453 1504  1452 1503 1504  1453 1454 1505  1453 1504 1505  1454 1455 1506  1454 1505 1506  1455 1456 1507  1455 1506 1507  1456 1457 1508  1456 1507 1508  1457 1458 1509  1457 1508 1509  1458 1459 1510  1458 1509 1510  1459 1460 1511  1459 1510 1511  1460 1461 1512  1460 1511 1512  1461 1462 1513  1461 1512 1513  1462 1463 1514  1462 1513 1514  1463 1464 1515  1463 1514 1515  1464 1465 1516  1464 1515 1516  1465 1466 1517  1465 1516 1517  1466 1467 1518  1466 1517 1518  1467 1468 1519  1467 1518 1519  1468 1469 1520  1468 1519 1520  1469 1470 1521  1469 1520 1521  1470 1471 1522  1470 1521 1522  1471 1472 1523  1471 1522 1523  1472 1473 1524  1472 1523 1524  1473 1474 1525  1473 1524 1525  1474 1475 1526  1474 1525 1526  1475 1476 1527  1475 1526 1527  1476 1477 1528  1476 1527 1528  1477 1478 1529  1477 1528 1529  1479 1480 1531  1479 1530 1531  1480 1481 1532  1480 1531 1532  1481 1482 1533  1481 1532 1533  1482 1483 1534  1482 1533 1534  1483 1484 1535  1483 1534 1535  1484 1485 1536  1484 1535 1536  1485 1486 1537  1485 1536 1537  1486 1487 1538  1486 1537 1538  1487 1488 1539  1487 1538 1539  1488 1489 1540  1488 1539 1540  1489 1490 1541  1489 1540 1541  1490 1491 1542  1490 1541 1542  1491 1492 1543  1491 1542 1543  1492 1493 1544  1492 1543 1544  1493 1494 1545  1493 1544 1545  1494 1495 1546  1494 1545 1546  1495 1496 1547  1495 1546 1547  1496 1497 1548  1496 1547 1548  1497 1498 1549  1497 1548 1549  1498 1499 1550  1498 1549 1550  1499 1500 1551  1499 1550 1551  1500 1501 1552  1500 1551 1552  1501 1502 1553  1501 1552 1553  1502 1503 1554  1502 1553 1554  1503 1504 1555  1503 1554 1555  1504 1505 1556  1504 1555 1556  1505 1506 1557  1505 1556 1557  1506 1507 1558  1506 1557 1558  1507 1508 1559  1507 1558 1559  1508 1509 1560  1508 1559 1560  1509 1510 1561  1509 1560 1561  1510 1511 1562  1510 1561 1562  1511 1512 1563  1511 1562 1563  1512 1513 1564  1512 1563 1564  1513 1514 1565  1513 1564 1565  1514 1515 1566  1514 1565 1566  1515 1516 1567  1515 1566 1567  1516 1517 1568  1516 1567 1568  1517 1518 1569  1517 1568 1569  1518 1519 1570  1518 1569 1570  1519 1520 1571  1519 1570 1571  1520 1521 1572  1520 1571 1572  1521 1522 1573  1521 1572 1573  1522 1523 1574  1522 1573 1574  1523 1524 1575  1523 1574 1575  1524 1525 1576  1524 1575 1576  1525 1526 1577  1525 1576 1577  1526 1527 1578  1526 1577 1578  1527 1528 1579  1527 1578 1579  1528 1529 1580  1528 1579 1580  1530 1531 1582  1530 1581 1582  1531 1532 1583  1531 1582 1583  1532 1533 1584  1532 1583 1584  1533 1534 1585  1533 1584 1585  1534 1535 1586  1534 1585 1586  1535 1536 1587  1535 1586 1587  1536 1537 1588  1536 1587 1588  1537 1538 1589  1537 1588 1589  1538 1539 1590  1538 1589 1590  1539 1540 1591  1539 1590 1591  1540 1541 1592  1540 1591 1592  1541 1542 1593  1541 1592 1593  1542 1543 1594  1542 1593 1594  1543 1544 1595  1543 1594 1595  1544 1545 1596  1544 1595 1596  1545 1546 1597  1545 1596 1597  1546 1547 1598  1546 1597 1598  1547 1548 1599  1547 1598 1599  1548 1549 1600  1548 1599 1600  1549 1550 1601  1549 1600 1601  1550 1551 1602  1550 1601 1602  1551 1552 1603  1551 1602 1603  1552 1553 1604  1552 1603 1604  1553 1554 1605  1553 1604 1605  1554 1555 1606  1554 1605 1606  1555 1556 1607  1555 1606 1607  1556 1557 1608  1556 1607 1608  1557 1558 1609  1557 1608 1609  1558 1559 1610  1558 1609 1610  1559 1560 1611  1559 1610 1611  1560 1561 1612  1560 1611 1612  1561 1562 1613  1561 1612 1613  1562 1563 1614  1562 1613 1614  1563 1564 1615  1563 1614 1615  1564 1565 1616  1564 1615 1616  1565 1566 1617  1565 1616 1617  1566 1567 1618  1566 1617 1618  1567 1568 1619  1567 1618 1619  1568 1569 1620  1568 1619 1620  1569 1570 1621  1569 1620 1621  1570 1571 1622  1570 1621 1622  1571 1572 1623  1571 1622 1623  1572 1573 1624  1572 1623 1624  1573 1574 1625  1573 1624 1625  1574 1575 1626  1574 1625 1626  1575 1576 1627  1575 1626 1627  1576 1577 1628  1576 1627 1628  1577 1578 1629  1577 1628 1629  1578 1579 1630  1578 1629 1630  1579 1580 1631  1579 1630 1631  1581 1582 1633  1581 1632 1633  1582 1583 1634  1582 1633 1634  1583 1584 1635  1583 1634 1635  1584 1585 1636  1584 1635 1636  1585 1586 1637  1585 1636 1637  1586 1587 1638  1586 1637 1638  1587 1588 1639  1587 1638 1639  1588 1589 1640  1588 1639 1640  1589 1590 1641  1589 1640 1641  1590 1591 1642  1590 1641 1642  1591 1592 1643  1591 1642 1643  1592 1593 1644  1592 1643 1644  1593 1594 1645  1593 1644 1645  1594 1595 1646  1594 1645 1646  1595 1596 1647  1595 1646 1647  1596 1597 1648  1596 1647 1648  1597 1598 1649  1597 1648 1649  1598 1599 1650  1598 1649 1650  1599 1600 1651  1599 1650 1651  1600 1601 1652  1600 1651 1652  1601 1602 1653  1601 1652 1653  1602 1603 1654  1602 1653 1654  1603 1604 1655  1603 1654 1655  1604 1605 1656  1604 1655 1656  1605 1606 1657  1605 1656 1657  1606 1607 1658  1606 1657 1658  1607 1608 1659  1607 1658 1659  1608 1609 1660  1608 1659 1660  1609 1610 1661  1609 1660 1661  1610 1611 1662  1610 1661 1662  1611 1612 1663  1611 1662 1663  1612 1613 1664  1612 1663 1664  1613 1614 1665  1613 1664 1665  1614 1615 1666  1614 1665 1666  1615 1616 1667  1615 1666 1667  1616 1617 1668  1616 1667 1668  1617 1618 1669  1617 1668 1669  1618 1619 1670  1618 1669 1670  1619 1620 1671  1619 1670 1671  1620 1621 1672  1620 1671 1672  1621 1622 1673  1621 1672 1673  1622 1623 1674  1622 1673 1674  1623 1624 1675  1623 1674 1675  1624 1625 1676  1624 1675 1676  1625 1626 1677  1625 1676 1677  1626 1627 1678  1626 1677 1678  1627 1628 1679  1627 1678 1679  1628 1629 1680  1628 1679 1680  1629 1630 1681  1629 1680 1681  1630 1631 1682  1630 1681 1682  1632 1633 1684  1632 1683 1684  1633 1634 1685  1633 1684 1685  1634 1635 1686  1634 1685 1686  1635 1636 1687  1635 1686 1687  1636 1637 1688  1636 1687 1688  1637 1638 1689  1637 1688 1689  1638 1639 1690  1638 1689 1690  1639 1640 1691  1639 1690 1691  1640 1641 1692  1640 1691 1692  1641 1642 1693  1641 1692 1693  1642 1643 1694  1642 1693 1694  1643 1644 1695  1643 1694 1695  1644 1645 1696  1644 1695 1696  1645 1646 1697  1645 1696 1697  1646 1647 1698  1646 1697 1698  1647 1648 1699  1647 1698 1699  1648 1649 1700  1648 1699 1700  1649 1650 1701  1649 1700 1701  1650 1651 1702  1650 1701 1702  1651 1652 1703  1651 1702 1703  1652 1653 1704  1652 1703 1704  1653 1654 1705  1653 1704 1705  1654 1655 1706  1654 1705 1706  1655 1656 1707  1655 1706 1707  1656 1657 1708  1656 1707 1708  1657 1658 1709  1657 1708 1709  1658 1659 1710  1658 1709 1710  1659 1660 1711  1659 1710 1711  1660 1661 1712  1660 1711 1712  1661 1662 1713  1661 1712 1713  1662 1663 1714  1662 1713 1714  1663 1664 1715  1663 1714 1715  1664 1665 1716  1664 1715 1716  1665 1666 1717  1665 1716 1717  1666 1667 1718  1666 1717 1718  1667 1668 1719  1667 1718 1719  1668 1669 1720  1668 1719 1720  1669 1670 1721  1669 1720 1721  1670 1671 1722  1670 1721 1722  1671 1672 1723  1671 1722 1723  1672 1673 1724  1672 1723 1724  1673 1674 1725  1673 1724 1725  1674 1675 1726  1674 1725 1726  1675 1676 1727  1675 1726 1727  1676 1677 1728  1676 1727 1728  1677 1678 1729  1677 1728 1729  1678 1679 1730  1678 1729 1730  1679 1680 1731  1679 1730 1731  1680 1681 1732  1680 1731 1732  1681 1682 1733  1681 1732 1733  1683 1684 1735  1683 1734 1735  1684 1685 1736  1684 1735 1736  1685 1686 1737  1685 1736 1737  1686 1687 1738  1686 1737 1738  1687 1688 1739  1687 1738 1739  1688 1689 1740  1688 1739 1740  1689 1690 1741  1689 1740 1741  1690 1691 1742  1690 1741 1742  1691 1692 1743  1691 1742 1743  1692 1693 1744  1692 1743 1744  1693 1694 1745  1693 1744 1745  1694 1695 1746  1694 1745 1746  1695 1696 1747  1695 1746 1747  1696 1697 1748  1696 1747 1748  1697 1698 1749  1697 1748 1749  1698 1699 1750  1698 1749 1750  1699 1700 1751  1699 1750 1751  1700 1701 1752  1700 1751 1752  1701 1702 1753  1701 1752 1753  1702 1703 1754  1702 1753 1754  1703 1704 1755  1703 1754 1755  1704 1705 1756  1704 1755 1756  1705 1706 1757  1705 1756 1757  1706 1707 1758  1706 1757 1758  1707 1708 1759  1707 1758 1759  1708 1709 1760  1708 1759 1760  1709 1710 1761  1709 1760 1761  1710 1711 1762  1710 1761 1762  1711 1712 1763  1711 1762 1763  1712 1713 1764  1712 1763 1764  1713 1714 1765  1713 1764 1765  1714 1715 1766  1714 1765 1766  1715 1716 1767  1715 1766 1767  1716 1717 1768  1716 1767 1768  1717 1718 1769  1717 1768 1769  1718 1719 1770  1718 1769 1770  1719 1720 1771  1719 1770 1771  1720 1721 1772  1720 1771 1772  1721 1722 1773  1721 1772 1773  1722 1723 1774  1722 1773 1774  1723 1724 1775  1723 1774 1775  1724 1725 1776  1724 1775 1776  1725 1726 1777  1725 1776 1777  1726 1727 1778  1726 1777 1778  1727 1728 1779  1727 1778 1779  1728 1729 1780  1728 1779 1780  1729 1730 1781  1729 1780 1781  1730 1731 1782  1730 1781 1782  1731 1732 1783  1731 1782 1783  1732 1733 1784  1732 1783 1784  1734 1735 1786  1734 1785 1786  1735 1736 1787  1735 1786 1787  1736 1737 1788  1736 1787 1788  1737 1738 1789  1737 1788 1789  1738 1739 1790  1738 1789 1790  1739 1740 1791  1739 1790 1791  1740 1741 1792  1740 1791 1792  1741 1742 1793  1741 1792 1793  1742 1743 1794  1742 1793 1794  1743 1744 1795  1743 1794 1795  1744 1745 1796  1744 1795 1796  1745 1746 1797  1745 1796 1797  1746 1747 1798  1746 1797 1798  1747 1748 1799  1747 1798 1799  1748 1749 1800  1748 1799 1800  1749 1750 1801  1749 1800 1801  1750 1751 1802  1750 1801 1802  1751 1752 1803  1751 1802 1803  1752 1753 1804  1752 1803 1804  1753 1754 1805  1753 1804 1805  1754 1755 1806  1754 1805 1806  1755 1756 1807  1755 1806 1807  1756 1757 1808  1756 1807 1808  1757 1758 1809  1757 1808 1809  1758 1759 1810  1758 1809 1810  1759 1760 1811  1759 1810 1811  1760 1761 1812  1760 1811 1812  1761 1762 1813  1761 1812 1813  1762 1763 1814  1762 1813 1814  1763 1764 1815  1763 1814 1815  1764 1765 1816  1764 1815 1816  1765 1766 1817  1765 1816 1817  1766 1767 1818  1766 1817 1818  1767 1768 1819  1767 1818 1819  1768 1769 1820  1768 1819 1820  1769 1770 1821  1769 1820 1821  1770 1771 1822  1770 1821 1822  1771 1772 1823  1771 1822 1823  1772 1773 1824  1772 1823 1824  1773 1774 1825  1773 1824 1825  1774 1775 1826  1774 1825 1826  1775 1776 1827  1775 1826 1827  1776 1777 1828  1776 1827 1828  1777 1778 1829  1777 1828 1829  1778 1779 1830  1778 1829 1830  1779 1780 1831  1779 1830 1831  1780 1781 1832  1780 1831 1832  1781 1782 1833  1781 1832 1833  1782 1783 1834  1782 1833 1834  1783 1784 1835  1783 1834 1835  1785 1786 1837  1785 1836 1837  1786 1787 1838  1786 1837 1838  1787 1788 1839  1787 1838 1839  1788 1789 1840  1788 1839 1840  1789 1790 1841  1789 1840 1841  1790 1791 1842  1790 1841 1842  1791 1792 1843  1791 1842 1843  1792 1793 1844  1792 1843 1844  1793 1794 1845  1793 1844 1845  1794 1795 1846  1794 1845 1846  1795 1796 1847  1795 1846 1847  1796 1797 1848  1796 1847 1848  1797 1798 1849  1797 1848 1849  1798 1799 1850  1798 1849 1850  1799 1800 1851  1799 1850 1851  1800 1801 1852  1800 1851 1852  1801 1802 1853  1801 1852 1853  1802 1803 1854  1802 1853 1854  1803 1804 1855  1803 1854 1855  1804 1805 1856  1804 1855 1856  1805 1806 1857  1805 1856 1857  1806 1807 1858  1806 1857 1858  1807 1808 1859  1807 1858 1859  1808 1809 1860  1808 1859 1860  1809 1810 1861  1809 1860 1861  1810 1811 1862  1810 1861 1862  1811 1812 1863  1811 1862 1863  1812 1813 1864  1812 1863 1864  1813 1814 1865  1813 1864 1865  1814 1815 1866  1814 1865 1866  1815 1816 1867  1815 1866 1867  1816 1817 1868  1816 1867 1868  1817 1818 1869  1817 1868 1869  1818 1819 1870  1818 1869 1870  1819 1820 1871  1819 1870 1871  1820 1821 1872  1820 1871 1872  1821 1822 1873  1821 1872 1873  1822 1823 1874  1822 1873 1874  1823 1824 1875  1823 1874 1875  1824 1825 1876  1824 1875 1876  1825 1826 1877  1825 1876 1877  1826 1827 1878  1826 1877 1878  1827 1828 1879  1827 1878 1879  1828 1829 1880  1828 1879 1880  1829 1830 1881  1829 1880 1881  1830 1831 1882  1830 1881 1882  1831 1832 1883  1831 1882 1883  1832 1833 1884  1832 1883 1884  1833 1834 1885  1833 1884 1885  1834 1835 1886  1834 1885 1886  1836 1837 1888  1836 1887 1888  1837 1838 1889  1837 1888 1889  1838 1839 1890  1838 1889 1890  1839 1840 1891  1839 1890 1891  1840 1841 1892  1840 1891 1892  1841 1842 1893  1841 1892 1893  1842 1843 1894  1842 1893 1894  1843 1844 1895  1843 1894 1895  1844 1845 1896  1844 1895 1896  1845 1846 1897  1845 1896 1897  1846 1847 1898  1846 1897 1898  1847 1848 1899  1847 1898 1899  1848 1849 1900  1848 1899 1900  1849 1850 1901  1849 1900 1901  1850 1851 1902  1850 1901 1902  1851 1852 1903  1851 1902 1903  1852 1853 1904  1852 1903 1904  1853 1854 1905  1853 1904 1905  1854 1855 1906  1854 1905 1906  1855 1856 1907  1855 1906 1907  1856 1857 1908  1856 1907 1908  1857 1858 1909  1857 1908 1909  1858 1859 1910  1858 1909 1910  1859 1860 1911  1859 1910 1911  1860 1861 1912  1860 1911 1912  1861 1862 1913  1861 1912 1913  1862 1863 1914  1862 1913 1914  1863 1864 1915  1863 1914 1915  1864 1865 1916  1864 1915 1916  1865 1866 1917  1865 1916 1917  1866 1867 1918  1866 1917 1918  1867 1868 1919  1867 1918 1919  1868 1869 1920  1868 1919 1920  1869 1870 1921  1869 1920 1921  1870 1871 1922  1870 1921 1922  1871 1872 1923  1871 1922 1923  1872 1873 1924  1872 1923 1924  1873 1874 1925  1873 1924 1925  1874 1875 1926  1874 1925 1926  1875 1876 1927  1875 1926 1927  1876 1877 1928  1876 1927 1928  1877 1878 1929  1877 1928 1929  1878 1879 1930  1878 1929 1930  1879 1880 1931  1879 1930 1931  1880 1881 1932  1880 1931 1932  1881 1882 1933  1881 1932 1933  1882 1883 1934  1882 1933 1934  1883 1884 1935  1883 1934 1935  1884 1885 1936  1884 1935 1936  1885 1886 1937  1885 1936 1937  1887 1888 1939  1887 1938 1939  1888 1889 1940  1888 1939 1940  1889 1890 1941  1889 1940 1941  1890 1891 1942  1890 1941 1942  1891 1892 1943  1891 1942 1943  1892 1893 1944  1892 1943 1944  1893 1894 1945  1893 1944 1945  1894 1895 1946  1894 1945 1946  1895 1896 1947  1895 1946 1947  1896 1897 1948  1896 1947 1948  1897 1898 1949  1897 1948 1949  1898 1899 1950  1898 1949 1950  1899 1900 1951  1899 1950 1951  1900 1901 1952  1900 1951 1952  1901 1902 1953  1901 1952 1953  1902 1903 1954  1902 1953 1954  1903 1904 1955  1903 1954 1955  1904 1905 1956  1904 1955 1956  1905 1906 1957  1905 1956 1957  1906 1907 1958  1906 1957 1958  1907 1908 1959  1907 1958 1959  1908 1909 1960  1908 1959 1960  1909 1910 1961  1909 1960 1961  1910 1911 1962  1910 1961 1962  1911 1912 1963  1911 1962 1963  1912 1913 1964  1912 1963 1964  1913 1914 1965  1913 1964 1965  1914 1915 1966  1914 1965 1966  1915 1916 1967  1915 1966 1967  1916 1917 1968  1916 1967 1968  1917 1918 1969  1917 1968 1969  1918 1919 1970  1918 1969 1970  1919 1920 1971  1919 1970 1971  1920 1921 1972  1920 1971 1972  1921 1922 1973  1921 1972 1973  1922 1923 1974  1922 1973 1974  1923 1924 1975  1923 1974 1975  1924 1925 1976  1924 1975 1976  1925 1926 1977  1925 1976 1977  1926 1927 1978  1926 1977 1978  1927 1928 1979  1927 1978 1979  1928 1929 1980  1928 1979 1980  1929 1930 1981  1929 1980 1981  1930 1931 1982  1930 1981 1982  1931 1932 1983  1931 1982 1983  1932 1933 1984  1932 1983 1984  1933 1934 1985  1933 1984 1985  1934 1935 1986  1934 1985 1986  1935 1936 1987  1935 1986 1987  1936 1937 1988  1936 1987 1988  1938 1939 1990  1938 1989 1990  1939 1940 1991  1939 1990 1991  1940 1941 1992  1940 1991 1992  1941 1942 1993  1941 1992 1993  1942 1943 1994  1942 1993 1994  1943 1944 1995  1943 1994 1995  1944 1945 1996  1944 1995 1996  1945 1946 1997  1945 1996 1997  1946 1947 1998  1946 1997 1998  1947 1948 1999  1947 1998 1999  1948 1949 2000  1948 1999 2000  1949 1950 2001  1949 2000 2001  1950 1951 2002  1950 2001 2002  1951 1952 2003  1951 2002 2003  1952 1953 2004  1952 2003 2004  1953 1954 2005  1953 2004 2005  1954 1955 2006  1954 2005 2006  1955 1956 2007  1955 2006 2007  1956 1957 2008  1956 2007 2008  1957 1958 2009  1957 2008 2009  1958 1959 2010  1958 2009 2010  1959 1960 2011  1959 2010 2011  1960 1961 2012  1960 2011 2012  1961 1962 2013  1961 2012 2013  1962 1963 2014  1962 2013 2014  1963 1964 2015  1963 2014 2015  1964 1965 2016  1964 2015 2016  1965 1966 2017  1965 2016 2017  1966 1967 2018  1966 2017 2018  1967 1968 2019  1967 2018 2019  1968 1969 2020  1968 2019 2020  1969 1970 2021  1969 2020 2021  1970 1971 2022  1970 2021 2022  1971 1972 2023  1971 2022 2023  1972 1973 2024  1972 2023 2024  1973 1974 2025  1973 2024 2025  1974 1975 2026  1974 2025 2026  1975 1976 2027  1975 2026 2027  1976 1977 2028  1976 2027 2028  1977 1978 2029  1977 2028 2029  1978 1979 2030  1978 2029 2030  1979 1980 2031  1979 2030 2031  1980 1981 2032  1980 2031 2032  1981 1982 2033  1981 2032 2033  1982 1983 2034  1982 2033 2034  1983 1984 2035  1983 2034 2035  1984 1985 2036  1984 2035 2036  1985 1986 2037  1985 2036 2037  1986 1987 2038  1986 2037 2038  1987 1988 2039  1987 2038 2039  1989 1990 2041  1989 2040 2041  1990 1991 2042  1990 2041 2042  1991 1992 2043  1991 2042 2043  1992 1993 2044  1992 2043 2044  1993 1994 2045  1993 2044 2045  1994 1995 2046  1994 2045 2046  1995 1996 2047  1995 2046 2047  1996 1997 2048  1996 2047 2048  1997 1998 2049  1997 2048 2049  1998 1999 2050  1998 2049 2050  1999 2000 2051  1999 2050 2051  2000 2001 2052  2000 2051 2052  2001 2002 2053  2001 2052 2053  2002 2003 2054  2002 2053 2054  2003 2004 2055  2003 2054 2055  2004 2005 2056  2004 2055 2056  2005 2006 2057  2005 2056 2057  2006 2007 2058  2006 2057 2058  2007 2008 2059  2007 2058 2059  2008 2009 2060  2008 2059 2060  2009 2010 2061  2009 2060 2061  2010 2011 2062  2010 2061 2062  2011 2012 2063  2011 2062 2063  2012 2013 2064  2012 2063 2064  2013 2014 2065  2013 2064 2065  2014 2015 2066  2014 2065 2066  2015 2016 2067  2015 2066 2067  2016 2017 2068  2016 2067 2068  2017 2018 2069  2017 2068 2069  2018 2019 2070  2018 2069 2070  2019 2020 2071  2019 2070 2071  2020 2021 2072  2020 2071 2072  2021 2022 2073  2021 2072 2073  2022 2023 2074  2022 2073 2074  2023 2024 2075  2023 2074 2075  2024 2025 2076  2024 2075 2076  2025 2026 2077  2025 2076 2077  2026 2027 2078  2026 2077 2078  2027 2028 2079  2027 2078 2079  2028 2029 2080  2028 2079 2080  2029 2030 2081  2029 2080 2081  2030 2031 2082  2030 2081 2082  2031 2032 2083  2031 2082 2083  2032 2033 2084  2032 2083 2084  2033 2034 2085  2033 2084 2085  2034 2035 2086  2034 2085 2086  2035 2036 2087  2035 2086 2087  2036 2037 2088  2036 2087 2088  2037 2038 2089  2037 2088 2089  2038 2039 2090  2038 2089 2090  2040 2041 2092  2040 2091 2092  2041 2042 2093  2041 2092 2093  2042 2043 2094  2042 2093 2094  2043 2044 2095  2043 2094 2095  2044 2045 2096  2044 2095 2096  2045 2046 2097  2045 2096 2097  2046 2047 2098  2046 2097 2098  2047 2048 2099  2047 2098 2099  2048 2049 2100  2048 2099 2100  2049 2050 2101  2049 2100 2101  2050 2051 2102  2050 2101 2102  2051 2052 2103  2051 2102 2103  2052 2053 2104  2052 2103 2104  2053 2054 2105  2053 2104 2105  2054 2055 2106  2054 2105 2106  2055 2056 2107  2055 2106 2107  2056 2057 2108  2056 2107 2108  2057 2058 2109  2057 2108 2109  2058 2059 2110  2058 2109 2110  2059 2060 2111  2059 2110 2111  2060 2061 2112  2060 2111 2112  2061 2062 2113  2061 2112 2113  2062 2063 2114  2062 2113 2114  2063 2064 2115  2063 2114 2115  2064 2065 2116  2064 2115 2116  2065 2066 2117  2065 2116 2117  2066 2067 2118  2066 2117 2118  2067 2068 2119  2067 2118 2119  2068 2069 2120  2068 2119 2120  2069 2070 2121  2069 2120 2121  2070 2071 2122  2070 2121 2122  2071 2072 2123  2071 2122 2123  2072 2073 2124  2072 2123 2124  2073 2074 2125  2073 2124 2125  2074 2075 2126  2074 2125 2126  2075 2076 2127  2075 2126 2127  2076 2077 2128  2076 2127 2128  2077 2078 2129  2077 2128 2129  2078 2079 2130  2078 2129 2130  2079 2080 2131  2079 2130 2131  2080 2081 2132  2080 2131 2132  2081 2082 2133  2081 2132 2133  2082 2083 2134  2082 2133 2134  2083 2084 2135  2083 2134 2135  2084 2085 2136  2084 2135 2136  2085 2086 2137  2085 2136 2137  2086 2087 2138  2086 2137 2138  2087 2088 2139  2087 2138 2139  2088 2089 2140  2088 2139 2140  2089 2090 2141  2089 2140 2141  2091 2092 2143  2091 2142 2143  2092 2093 2144  2092 2143 2144  2093 2094 2145  2093 2144 2145  2094 2095 2146  2094 2145 2146  2095 2096 2147  2095 2146 2147  2096 2097 2148  2096 2147 2148  2097 2098 2149  2097 2148 2149  2098 2099 2150  2098 2149 2150  2099 2100 2151  2099 2150 2151  2100 2101 2152  2100 2151 2152  2101 2102 2153  2101 2152 2153  2102 2103 2154  2102 2153 2154  2103 2104 2155  2103 2154 2155  2104 2105 2156  2104 2155 2156  2105 2106 2157  2105 2156 2157  2106 2107 2158  2106 2157 2158  2107 2108 2159  2107 2158 2159  2108 2109 2160  2108 2159 2160  2109 2110 2161  2109 2160 2161  2110 2111 2162  2110 2161 2162  2111 2112 2163  2111 2162 2163  2112 2113 2164  2112 2163 2164  2113 2114 2165  2113 2164 2165  2114 2115 2166  2114 2165 2166  2115 2116 2167  2115 2166 2167  2116 2117 2168  2116 2167 2168  2117 2118 2169  2117 2168 2169  2118 2119 2170  2118 2169 2170  2119 2120 2171  2119 2170 2171  2120 2121 2172  2120 2171 2172  2121 2122 2173  2121 2172 2173  2122 2123 2174  2122 2173 2174  2123 2124 2175  2123 2174 2175  2124 2125 2176  2124 2175 2176  2125 2126 2177  2125 2176 2177  2126 2127 2178  2126 2177 2178  2127 2128 2179  2127 2178 2179  2128 2129 2180  2128 2179 2180  2129 2130 2181  2129 2180 2181  2130 2131 2182  2130 2181 2182  2131 2132 2183  2131 2182 2183  2132 2133 2184  2132 2183 2184  2133 2134 2185  2133 2184 2185  2134 2135 2186  2134 2185 2186  2135 2136 2187  2135 2186 2187  2136 2137 2188  2136 2187 2188  2137 2138 2189  2137 2188 2189  2138 2139 2190  2138 2189 2190  2139 2140 2191  2139 2190 2191  2140 2141 2192  2140 2191 2192  2142 2143 2194  2142 2193 2194  2143 2144 2195  2143 2194 2195  2144 2145 2196  2144 2195 2196  2145 2146 2197  2145 2196 2197  2146 2147 2198  2146 2197 2198  2147 2148 2199  2147 2198 2199  2148 2149 2200  2148 2199 2200  2149 2150 2201  2149 2200 2201  2150 2151 2202  2150 2201 2202  2151 2152 2203  2151 2202 2203  2152 2153 2204  2152 2203 2204  2153 2154 2205  2153 2204 2205  2154 2155 2206  2154 2205 2206  2155 2156 2207  2155 2206 2207  2156 2157 2208  2156 2207 2208  2157 2158 2209  2157 2208 2209  2158 2159 2210  2158 2209 2210  2159 2160 2211  2159 2210 2211  2160 2161 2212  2160 2211 2212  2161 2162 2213  2161 2212 2213  2162 2163 2214  2162 2213 2214  2163 2164 2215  2163 2214 2215  2164 2165 2216  2164 2215 2216  2165 2166 2217  2165 2216 2217  2166 2167 2218  2166 2217 2218  2167 2168 2219  2167 2218 2219  2168 2169 2220  2168 2219 2220  2169 2170 2221  2169 2220 2221  2170 2171 2222  2170 2221 2222  2171 2172 2223  2171 2222 2223  2172 2173 2224  2172 2223 2224  2173 2174 2225  2173 2224 2225  2174 2175 2226  2174 2225 2226  2175 2176 2227  2175 2226 2227  2176 2177 2228  2176 2227 2228  2177 2178 2229  2177 2228 2229  2178 2179 2230  2178 2229 2230  2179 2180 2231  2179 2230 2231  2180 2181 2232  2180 2231 2232  2181 2182 2233  2181 2232 2233  2182 2183 2234  2182 2233 2234  2183 2184 2235  2183 2234 2235  2184 2185 2236  2184 2235 2236  2185 2186 2237  2185 2236 2237  2186 2187 2238  2186 2237 2238  2187 2188 2239  2187 2238 2239  2188 2189 2240  2188 2239 2240  2189 2190 2241  2189 2240 2241  2190 2191 2242  2190 2241 2242  2191 2192 2243  2191 2242 2243  2193 2194 2245  2193 2244 2245  2194 2195 2246  2194 2245 2246  2195 2196 2247  2195 2246 2247  2196 2197 2248  2196 2247 2248  2197 2198 2249  2197 2248 2249  2198 2199 2250  2198 2249 2250  2199 2200 2251  2199 2250 2251  2200 2201 2252  2200 2251 2252  2201 2202 2253  2201 2252 2253  2202 2203 2254  2202 2253 2254  2203 2204 2255  2203 2254 2255  2204 2205 2256  2204 2255 2256  2205 2206 2257  2205 2256 2257  2206 2207 2258  2206 2257 2258  2207 2208 2259  2207 2258 2259  2208 2209 2260  2208 2259 2260  2209 2210 2261  2209 2260 2261  2210 2211 2262  2210 2261 2262  2211 2212 2263  2211 2262 2263  2212 2213 2264  2212 2263 2264  2213 2214 2265  2213 2264 2265  2214 2215 2266  2214 2265 2266  2215 2216 2267  2215 2266 2267  2216 2217 2268  2216 2267 2268  2217 2218 2269  2217 2268 2269  2218 2219 2270  2218 2269 2270  2219 2220 2271  2219 2270 2271  2220 2221 2272  2220 2271 2272  2221 2222 2273  2221 2272 2273  2222 2223 2274  2222 2273 2274  2223 2224 2275  2223 2274 2275  2224 2225 2276  2224 2275 2276  2225 2226 2277  2225 2276 2277  2226 2227 2278  2226 2277 2278  2227 2228 2279  2227 2278 2279  2228 2229 2280  2228 2279 2280  2229 2230 2281  2229 2280 2281  2230 2231 2282  2230 2281 2282  2231 2232 2283  2231 2282 2283  2232 2233 2284  2232 2283 2284  2233 2234 2285  2233 2284 2285  2234 2235 2286  2234 2285 2286  2235 2236 2287  2235 2286 2287  2236 2237 2288  2236 2287 2288  2237 2238 2289  2237 2288 2289  2238 2239 2290  2238 2289 2290  2239 2240 2291  2239 2290 2291  2240 2241 2292  2240 2291 2292  2241 2242 2293  2241 2292 2293  2242 2243 2294  2242 2293 2294  2244 2245 2296  2244 2295 2296  2245 2246 2297  2245 2296 2297  2246 2247 2298  2246 2297 2298  2247 2248 2299  2247 2298 2299  2248 2249 2300  2248 2299 2300  2249 2250 2301  2249 2300 2301  2250 2251 2302  2250 2301 2302  2251 2252 2303  2251 2302 2303  2252 2253 2304  2252 2303 2304  2253 2254 2305  2253 2304 2305  2254 2255 2306  2254 2305 2306  2255 2256 2307  2255 2306 2307  2256 2257 2308  2256 2307 2308  2257 2258 2309  2257 2308 2309  2258 2259 2310  2258 2309 2310  2259 2260 2311  2259 2310 2311  2260 2261 2312  2260 2311 2312  2261 2262 2313  2261 2312 2313  2262 2263 2314  2262 2313 2314  2263 2264 2315  2263 2314 2315  2264 2265 2316  2264 2315 2316  2265 2266 2317  2265 2316 2317  2266 2267 2318  2266 2317 2318  2267 2268 2319  2267 2318 2319  2268 2269 2320  2268 2319 2320  2269 2270 2321  2269 2320 2321  2270 2271 2322  2270 2321 2322  2271 2272 2323  2271 2322 2323  2272 2273 2324  2272 2323 2324  2273 2274 2325  2273 2324 2325  2274 2275 2326  2274 2325 2326  2275 2276 2327  2275 2326 2327  2276 2277 2328  2276 2327 2328  2277 2278 2329  2277 2328 2329  2278 2279 2330  2278 2329 2330  2279 2280 2331  2279 2330 2331  2280 2281 2332  2280 2331 2332  2281 2282 2333  2281 2332 2333  2282 2283 2334  2282 2333 2334  2283 2284 2335  2283 2334 2335  2284 2285 2336  2284 2335 2336  2285 2286 2337  2285 2336 2337  2286 2287 2338  2286 2337 2338  2287 2288 2339  2287 2338 2339  2288 2289 2340  2288 2339 2340  2289 2290 2341  2289 2340 2341  2290 2291 2342  2290 2341 2342  2291 2292 2343  2291 2342 2343  2292 2293 2344  2292 2343 2344  2293 2294 2345  2293 2344 2345  2295 2296 2347  2295 2346 2347  2296 2297 2348  2296 2347 2348  2297 2298 2349  2297 2348 2349  2298 2299 2350  2298 2349 2350  2299 2300 2351  2299 2350 2351  2300 2301 2352  2300 2351 2352  2301 2302 2353  2301 2352 2353  2302 2303 2354  2302 2353 2354  2303 2304 2355  2303 2354 2355  2304 2305 2356  2304 2355 2356  2305 2306 2357  2305 2356 2357  2306 2307 2358  2306 2357 2358  2307 2308 2359  2307 2358 2359  2308 2309 2360  2308 2359 2360  2309 2310 2361  2309 2360 2361  2310 2311 2362  2310 2361 2362  2311 2312 2363  2311 2362 2363  2312 2313 2364  2312 2363 2364  2313 2314 2365  2313 2364 2365  2314 2315 2366  2314 2365 2366  2315 2316 2367  2315 2366 2367  2316 2317 2368  2316 2367 2368  2317 2318 2369  2317 2368 2369  2318 2319 2370  2318 2369 2370  2319 2320 2371  2319 2370 2371  2320 2321 2372  2320 2371 2372  2321 2322 2373  2321 2372 2373  2322 2323 2374  2322 2373 2374  2323 2324 2375  2323 2374 2375  2324 2325 2376  2324 2375 2376  2325 2326 2377  2325 2376 2377  2326 2327 2378  2326 2377 2378  2327 2328 2379  2327 2378 2379  2328 2329 2380  2328 2379 2380  2329 2330 2381  2329 2380 2381  2330 2331 2382  2330 2381 2382  2331 2332 2383  2331 2382 2383  2332 2333 2384  2332 2383 2384  2333 2334 2385  2333 2384 2385  2334 2335 2386  2334 2385 2386  2335 2336 2387  2335 2386 2387  2336 2337 2388  2336 2387 2388  2337 2338 2389  2337 2388 2389  2338 2339 2390  2338 2389 2390  2339 2340 2391  2339 2390 2391  2340 2341 2392  2340 2391 2392  2341 2342 2393  2341 2392 2393  2342 2343 2394  2342 2393 2394  2343 2344 2395  2343 2394 2395  2344 2345 2396  2344 2395 2396  2346 2347 2398  2346 2397 2398  2347 2348 2399  2347 2398 2399  2348 2349 2400  2348 2399 2400  2349 2350 2401  2349 2400 2401  2350 2351 2402  2350 2401 2402  2351 2352 2403  2351 2402 2403  2352 2353 2404  2352 2403 2404  2353 2354 2405  2353 2404 2405  2354 2355 2406  2354 2405 2406  2355 2356 2407  2355 2406 2407  2356 2357 2408  2356 2407 2408  2357 2358 2409  2357 2408 2409  2358 2359 2410  2358 2409 2410  2359 2360 2411  2359 2410 2411  2360 2361 2412  2360 2411 2412  2361 2362 2413  2361 2412 2413  2362 2363 2414  2362 2413 2414  2363 2364 2415  2363 2414 2415  2364 2365 2416  2364 2415 2416  2365 2366 2417  2365 2416 2417  2366 2367 2418  2366 2417 2418  2367 2368 2419  2367 2418 2419  2368 2369 2420  2368 2419 2420  2369 2370 2421  2369 2420 2421  2370 2371 2422  2370 2421 2422  2371 2372 2423  2371 2422 2423  2372 2373 2424  2372 2423 2424  2373 2374 2425  2373 2424 2425  2374 2375 2426  2374 2425 2426  2375 2376 2427  2375 2426 2427  2376 2377 2428  2376 2427 2428  2377 2378 2429  2377 2428 2429  2378 2379 2430  2378 2429 2430  2379 2380 2431  2379 2430 2431  2380 2381 2432  2380 2431 2432  2381 2382 2433  2381 2432 2433  2382 2383 2434  2382 2433 2434  2383 2384 2435  2383 2434 2435  2384 2385 2436  2384 2435 2436  2385 2386 2437  2385 2436 2437  2386 2387 2438  2386 2437 2438  2387 2388 2439  2387 2438 2439  2388 2389 2440  2388 2439 2440  2389 2390 2441  2389 2440 2441  2390 2391 2442  2390 2441 2442  2391 2392 2443  2391 2442 2443  2392 2393 2444  2392 2443 2444  2393 2394 2445  2393 2444 2445  2394 2395 2446  2394 2445 2446  2395 2396 2447  2395 2446 2447  2397 2398 2449  2397 2448 2449  2398 2399 2450  2398 2449 2450  2399 2400 2451  2399 2450 2451  2400 2401 2452  2400 2451 2452  2401 2402 2453  2401 2452 2453  2402 2403 2454  2402 2453 2454  2403 2404 2455  2403 2454 2455  2404 2405 2456  2404 2455 2456  2405 2406 2457  2405 2456 2457  2406 2407 2458  2406 2457 2458  2407 2408 2459  2407 2458 2459  2408 2409 2460  2408 2459 2460  2409 2410 2461  2409 2460 2461  2410 2411 2462  2410 2461 2462  2411 2412 2463  2411 2462 2463  2412 2413 2464  2412 2463 2464  2413 2414 2465  2413 2464 2465  2414 2415 2466  2414 2465 2466  2415 2416 2467  2415 2466 2467  2416 2417 2468  2416 2467 2468  2417 2418 2469  2417 2468 2469  2418 2419 2470  2418 2469 2470  2419 2420 2471  2419 2470 2471  2420 2421 2472  2420 2471 2472  2421 2422 2473  2421 2472 2473  2422 2423 2474  2422 2473 2474  2423 2424 2475  2423 2474 2475  2424 2425 2476  2424 2475 2476  2425 2426 2477  2425 2476 2477  2426 2427 2478  2426 2477 2478  2427 2428 2479  2427 2478 2479  2428 2429 2480  2428 2479 2480  2429 2430 2481  2429 2480 2481  2430 2431 2482  2430 2481 2482  2431 2432 2483  2431 2482 2483  2432 2433 2484  2432 2483 2484  2433 2434 2485  2433 2484 2485  2434 2435 2486  2434 2485 2486  2435 2436 2487  2435 2486 2487  2436 2437 2488  2436 2487 2488  2437 2438 2489  2437 2488 2489  2438 2439 2490  2438 2489 2490  2439 2440 2491  2439 2490 2491  2440 2441 2492  2440 2491 2492  2441 2442 2493  2441 2492 2493  2442 2443 2494  2442 2493 2494  2443 2444 2495  2443 2494 2495  2444 2445 2496  2444 2495 2496  2445 2446 2497  2445 2496 2497  2446 2447 2498  2446 2497 2498  2448 2449 2500  2448 2499 2500  2449 2450 2501  2449 2500 2501  2450 2451 2502  2450 2501 2502  2451 2452 2503  2451 2502 2503  2452 2453 2504  2452 2503 2504  2453 2454 2505  2453 2504 2505  2454 2455 2506  2454 2505 2506  2455 2456 2507  2455 2506 2507  2456 2457 2508  2456 2507 2508  2457 2458 2509  2457 2508 2509  2458 2459 2510  2458 2509 2510  2459 2460 2511  2459 2510 2511  2460 2461 2512  2460 2511 2512  2461 2462 2513  2461 2512 2513  2462 2463 2514  2462 2513 2514  2463 2464 2515  2463 2514 2515  2464 2465 2516  2464 2515 2516  2465 2466 2517  2465 2516 2517  2466 2467 2518  2466 2517 2518  2467 2468 2519  2467 2518 2519  2468 2469 2520  2468 2519 2520  2469 2470 2521  2469 2520 2521  2470 2471 2522  2470 2521 2522  2471 2472 2523  2471 2522 2523  2472 2473 2524  2472 2523 2524  2473 2474 2525  2473 2524 2525  2474 2475 2526  2474 2525 2526  2475 2476 2527  2475 2526 2527  2476 2477 2528  2476 2527 2528  2477 2478 2529  2477 2528 2529  2478 2479 2530  2478 2529 2530  2479 2480 2531  2479 2530 2531  2480 2481 2532  2480 2531 2532  2481 2482 2533  2481 2532 2533  2482 2483 2534  2482 2533 2534  2483 2484 2535  2483 2534 2535  2484 2485 2536  2484 2535 2536  2485 2486 2537  2485 2536 2537  2486 2487 2538  2486 2537 2538  2487 2488 2539  2487 2538 2539  2488 2489 2540  2488 2539 2540  2489 2490 2541  2489 2540 2541  2490 2491 2542  2490 2541 2542  2491 2492 2543  2491 2542 2543  2492 2493 2544  2492 2543 2544  2493 2494 2545  2493 2544 2545  2494 2495 2546  2494 2545 2546  2495 2496 2547  2495 2546 2547  2496 2497 2548  2496 2547 2548  2497 2498 2549  2497 2548 2549  2499 2500 2551  2499 2550 2551  2500 2501 2552  2500 2551 2552  2501 2502 2553  2501 2552 2553  2502 2503 2554  2502 2553 2554  2503 2504 2555  2503 2554 2555  2504 2505 2556  2504 2555 2556  2505 2506 2557  2505 2556 2557  2506 2507 2558  2506 2557 2558  2507 2508 2559  2507 2558 2559  2508 2509 2560  2508 2559 2560  2509 2510 2561  2509 2560 2561  2510 2511 2562  2510 2561 2562  2511 2512 2563  2511 2562 2563  2512 2513 2564  2512 2563 2564  2513 2514 2565  2513 2564 2565  2514 2515 2566  2514 2565 2566  2515 2516 2567  2515 2566 2567  2516 2517 2568  2516 2567 2568  2517 2518 2569  2517 2568 2569  2518 2519 2570  2518 2569 2570  2519 2520 2571  2519 2570 2571  2520 2521 2572  2520 2571 2572  2521 2522 2573  2521 2572 2573  2522 2523 2574  2522 2573 2574  2523 2524 2575  2523 2574 2575  2524 2525 2576  2524 2575 2576  2525 2526 2577  2525 2576 2577  2526 2527 2578  2526 2577 2578  2527 2528 2579  2527 2578 2579  2528 2529 2580  2528 2579 2580  2529 2530 2581  2529 2580 2581  2530 2531 2582  2530 2581 2582  2531 2532 2583  2531 2582 2583  2532 2533 2584  2532 2583 2584  2533 2534 2585  2533 2584 2585  2534 2535 2586  2534 2585 2586  2535 2536 2587  2535 2586 2587  2536 2537 2588  2536 2587 2588  2537 2538 2589  2537 2588 2589  2538 2539 2590  2538 2589 2590  2539 2540 2591  2539 2590 2591  2540 2541 2592  2540 2591 2592  2541 2542 2593  2541 2592 2593  2542 2543 2594  2542 2593 2594  2543 2544 2595  2543 2594 2595  2544 2545 2596  2544 2595 2596  2545 2546 2597  2545 2596 2597  2546 2547 2598  2546 2597 2598  2547 2548 2599  2547 2598 2599  2548 2549 2600  2548 2599 2600  </DataArray>
<DataArray  type="UInt32"  Name="offsets"  format="ascii">3 6 9 12 15 18 21 24 27 30 33 36 39 42 45 48 51 54 57 60 63 66 69 72 75 78 81 84 87 90 93 96 99 102 105 108 111 114 117 120 123 126 129 132 135 138 141 144 147 150 153 156 159 162 165 168 171 174 177 180 183 186 189 192 195 198 201 204 207 210 213 216 219 222 225 228 231 234 237 240 243 246 249 252 255 258 261 264 267 270 273 276 279 282 285 288 291 294 297 300 303 306 309 312 315 318 321 324 327 330 333 336 339 342 345 348 351 354 357 360 363 366 369 372 375 378 381 384 387 390 393 396 399 402 405 408 411 414 417 420 423 426 429 432 435 438 441 444 447 450 453 456 459 462 465 468 471 474 477 480 483 486 489 492 495 498 501 504 507 510 513 516 519 522 525 528 531 534 537 540 543 546 549 552 555 558 561 564 567 570 573 576 579 582 585 588 591 594 597 600 603 606 609 612 615 618 621 624 627 630 633 636 639 642 645 648 651 654 657 660 663 666 669 672 675 678 681 684 687 690 693 696 699 702 705 708 711 714 717 720 723 726 729 732 735 738 741 744 747 750 753 756 759 762 765 768 771 774 777 780 783 786 789 792 795 798 801 804 807 810 813 816 819 822 825 828 831 834 837 840 843 846 849 852 855 858 861 864 867 870 873 876 879 882 885 888 891 894 897 900 903 906 909 912 915 918 921 924 927 930 933 936 939 942 945 948 951 954 957 960 963 966 969 972 975 978 981 984 987 990 993 996 999 1002 1005 1008 1011 1014 1017 1020 1023 1026 1029 1032 1035 1038 1041 1044 1047 1050 1053 1056 1059 1062 1065 1068 1071 1074 1077 1080 1083 1086 1089 1092 1095 1098 1101 1104 1107 1110 1113 1116 1119 1122 1125 1128 1131 1134 1137 1140 1143 1146 1149 1152 1155 1158 1161 1164 1167 1170 1173 1176 1179 1182 1185 1188 1191 1194 1197 1200 1203 1206 1209 1212 1215 1218 1221 1224 1227 1230 1233 1236 1239 1242 1245 1248 1251 1254 1257 1260 1263 1266 1269 1272 1275 1278 1281 1284 1287 1290 1293 1296 1299 1302 1305 1308 1311 1314 1317 1320 1323 1326 1329 1332 1335 1338 1341 1344 1347 1350 1353 1356 1359 1362 1365 1368 1371 1374 1377 1380 1383 1386 1389 1392 1395 1398 1401 1404 1407 1410 1413 1416 1419 1422 1425 1428 1431 1434 1437 1440 1443 1446 1449 1452 1455 1458 1461 1464 1467 1470 1473 1476 1479 1482 1485 1488 1491 1494 1497 1500 1503 1506 1509 1512 1515 1518 1521 1524 1527 1530 1533 1536 1539 1542 1545 1548 1551 1554 1557 1560 1563 1566 1569 1572 1575 1578 1581 1584 1587 1590 1593 1596 1599 1602 1605 1608 1611 1614 1617 1620 1623 1626 1629 1632 1635 1638 1641 1644 1647 1650 1653 1656 1659 1662 1665 1668 1671 1674 1677 1680 1683 1686 1689 1692 1695 1698 1701 1704 1707 1710 1713 1716 1719 1722 1725 1728 1731 1734 1737 1740 1743 1746 1749 1752 1755 1758 1761 1764 1767 1770 1773 1776 1779 1782 1785 1788 1791 1794 1797 1800 1803 1806 1809 1812 1815 1818 1821 1824 1827 1830 1833 1836 1839 1842 1845 1848 1851 1854 1857 1860 1863 1866 1869 1872 1875 1878 1881 1884 1887 1890 1893 1896 1899 1902 1905 1908 1911 1914 1917 1920 1923 1926 1929 1932 1935 1938 1941 1944 1947 1950 1953 1956 1959 1962 1965 1968 1971 1974 1977 1980 1983 1986 1989 1992 1995 1998 2001 2004 2007 2010 2013 2016 2019 2022 2025 2028 2031 2034 2037 2040 2043 2046 2049 2052 2055 2058 2061 2064 2067 2070 2073 2076 2079 2082 2085 2088 2091 2094 2097 2100 2103 2106 2109 2112 2115 2118 2121 2124 2127 2130 2133 2136 2139 2142 2145 2148 2151 2154 2157 2160 2163 2166 2169 2172 2175 2178 2181 2184 2187 2190 2193 2196 2199 2202 2205 2208 2211 2214 2217 2220 2223 2226 2229 2232 2235 2238 2241 2244 2247 2250 2253 2256 2259 2262 2265 2268 2271 2274 2277 2280 2283 2286 2289 2292 2295 2298 2301 2304 2307 2310 2313 2316 2319 2322 2325 2328 2331 2334 2337 2340 2343 2346 2349 2352 2355 2358 2361 2364 2367 2370 2373 2376 2379 2382 2385 2388 2391 2394 2397 2400 2403 2406 2409 2412 2415 2418 2421 2424 2427 2430 2433 2436 2439 2442 2445 2448 2451 2454 2457 2460 2463 2466 2469 2472 2475 2478 2481 2484 2487 2490 2493 2496 2499 2502 2505 2508 2511 2514 2517 2520 2523 2526 2529 2532 2535 2538 2541 2544 2547 2550 2553 2556 2559 2562 2565 2568 2571 2574 2577 2580 2583 2586 2589 2592 2595 2598 2601 2604 2607 2610 2613 2616 2619 2622 2625 2628 2631 2634 2637 2640 2643 2646 2649 2652 2655 2658 2661 2664 2667 2670 2673 2676 2679 2682 2685 2688 2691 2694 2697 2700 2703 2706 2709 2712 2715 2718 2721 2724 2727 2730 2733 2736 2739 2742 2745 2748 2751 2754 2757 2760 2763 2766 2769 2772 2775 2778 2781 2784 2787 2790 2793 2796 2799 2802 2805 2808 2811 2814 2817 2820 2823 2826 2829 2832 2835 2838 2841 2844 2847 2850 2853 2856 2859 2862 2865 2868 2871 2874 2877 2880 2883 2886 2889 2892 2895 2898 2901 2904 2907 2910 2913 2916 2919 2922 2925 2928 2931 2934 2937 2940 2943 2946 2949 2952 2955 2958 2961 2964 2967 2970 2973 2976 2979 2982 2985 2988 2991 2994 2997 3000 3003 3006 3009 3012 3015 3018 3021 3024 3027 3030 3033 3036 3039 3042 3045 3048 3051 3054 3057 3060 3063 3066 3069 3072 3075 3078 3081 3084 3087 3090 3093 3096 3099 3102 3105 3108 3111 3114 3117 3120 3123 3126 3129 3132 3135 3138 3141 3144 3147 3150 3153 3156 3159 3162 3165 3168 3171 3174 3177 3180 3183 3186 3189 3192 3195 3198 3201 3204 3207 3210 3213 3216 3219 3222 3225 3228 3231 3234 3237 3240 3243 3246 3249 3252 3255 3258 3261 3264 3267 3270 3273 3276 3279 3282 3285 3288 3291 3294 3297 3300 3303 3306 3309 3312 3315 3318 3321 3324 3327 3330 3333 3336 3339 3342 3345 3348 3351 3354 3357 3360 3363 3366 3369 3372 3375 3378 3381 3384 3387 3390 3393 3396 3399 3402 3405 3408 3411 3414 3417 3420 3423 3426 3429 3432 3435 3438 3441 3444 3447 3450 3453 3456 3459 3462 3465 3468 3471 3474 3477 3480 3483 3486 3489 3492 3495 3498 3501 3504 3507 3510 3513 3516 3519 3522 3525 3528 3531 3534 3537 3540 3543 3546 3549 3552 3555 3558 3561 3564 3567 3570 3573 3576 3579 3582 3585 3588 3591 3594 3597 3600 3603 3606 3609 3612 3615 3618 3621 3624 3627 3630 3633 3636 3639 3642 3645 3648 3651 3654 3657 3660 3663 3666 3669 3672 3675 3678 3681 3684 3687 3690 3693 3696 3699 3702 3705 3708 3711 3714 3717 3720 3723 3726 3729 3732 3735 3738 3741 3744 3747 3750 3753 3756 3759 3762 3765 3768 3771 3774 3777 3780 3783 3786 3789 3792 3795 3798 3801 3804 3807 3810 3813 3816 3819 3822 3825 3828 3831 3834 3837 3840 3843 3846 3849 3852 3855 3858 3861 3864 3867 3870 3873 3876 3879 3882 3885 3888 3891 3894 3897 3900 3903 3906 3909 3912 3915 3918 3921 3924 3927 3930 3933 3936 3939 3942 3945 3948 3951 3954 3957 3960 3963 3966 3969 3972 3975 3978 3981 3984 3987 3990 3993 3996 3999 4002 4005 4008 4011 4014 4017 4020 4023 4026 4029 4032 4035 4038 4041 4044 4047 4050 4053 4056 4059 4062 4065 4068 4071 4074 4077 4080 4083 4086 4089 4092 4095 4098 4101 4104 4107 4110 4113 4116 4119 4122 4125 4128 4131 4134 4137 4140 4143 4146 4149 4152 4155 4158 4161 4164 4167 4170 4173 4176 4179 4182 4185 4188 4191 4194 4197 4200 4203 4206 4209 4212 4215 4218 4221 4224 4227 4230 4233 4236 4239 4242 4245 4248 4251 4254 4257 4260 4263 4266 4269 4272 4275 4278 4281 4284 4287 4290 4293 4296 4299 4302 4305 4308 4311 4314 4317 4320 4323 4326 4329 4332 4335 4338 4341 4344 4347 4350 4353 4356 4359 4362 4365 4368 4371 4374 4377 4380 4383 4386 4389 4392 4395 4398 4401 4404 4407 4410 4413 4416 4419 4422 4425 4428 4431 4434 4437 4440 4443 4446 4449 4452 4455 4458 4461 4464 4467 4470 4473 4476 4479 4482 4485 4488 4491 4494 4497 4500 4503 4506 4509 4512 4515 4518 4521 4524 4527 4530 4533 4536 4539 4542 4545 4548 4551 4554 4557 4560 4563 4566 4569 4572 4575 4578 4581 4584 4587 4590 4593 4596 4599 4602 4605 4608 4611 4614 4617 4620 4623 4626 4629 4632 4635 4638 4641 4644 4647 4650 4653 4656 4659 4662 4665 4668 4671 4674 4677 4680 4683 4686 4689 4692 4695 4698 4701 4704 4707 4710 4713 4716 4719 4722 4725 4728 4731 4734 4737 4740 4743 4746 4749 4752 4755 4758 4761 4764 4767 4770 4773 4776 4779 4782 4785 4788 4791 4794 4797 4800 4803 4806 4809 4812 4815 4818 4821 4824 4827 4830 4833 4836 4839 4842 4845 4848 4851 4854 4857 4860 4863 4866 4869 4872 4875 4878 4881 4884 4887 4890 4893 4896 4899 4902 4905 4908 4911 4914 4917 4920 4923 4926 4929 4932 4935 4938 4941 4944 4947 4950 4953 4956 4959 4962 4965 4968 4971 4974 4977 4980 4983 4986 4989 4992 4995 4998 5001 5004 5007 5010 5013 5016 5019 5022 5025 5028 5031 5034 5037 5040 5043 5046 5049 5052 5055 5058 5061 5064 5067 5070 5073 5076 5079 5082 5085 5088 5091 5094 5097 5100 5103 5106 5109 5112 5115 5118 5121 5124 5127 5130 5133 5136 5139 5142 5145 5148 5151 5154 5157 5160 5163 5166 5169 5172 5175 5178 5181 5184 5187 5190 5193 5196 5199 5202 5205 5208 5211 5214 5217 5220 5223 5226 5229 5232 5235 5238 5241 5244 5247 5250 5253 5256 5259 5262 5265 5268 5271 5274 5277 5280 5283 5286 5289 5292 5295 5298 5301 5304 5307 5310 5313 5316 5319 5322 5325 5328 5331 5334 5337 5340 5343 5346 5349 5352 5355 5358 5361 5364 5367 5370 5373 5376 5379 5382 5385 5388 5391 5394 5397 5400 5403 5406 5409 5412 5415 5418 5421 5424 5427 5430 5433 5436 5439 5442 5445 5448 5451 5454 5457 5460 5463 5466 5469 5472 5475 5478 5481 5484 5487 5490 5493 5496 5499 5502 5505 5508 5511 5514 5517 5520 5523 5526 5529 5532 5535 5538 5541 5544 5547 5550 5553 5556 5559 5562 5565 5568 5571 5574 5577 5580 5583 5586 5589 5592 5595 5598 5601 5604 5607 5610 5613 5616 5619 5622 5625 5628 5631 5634 5637 5640 5643 5646 5649 5652 5655 5658 5661 5664 5667 5670 5673 5676 5679 5682 5685 5688 5691 5694 5697 5700 5703 5706 5709 5712 5715 5718 5721 5724 5727 5730 5733 5736 5739 5742 5745 5748 5751 5754 5757 5760 5763 5766 5769 5772 5775 5778 5781 5784 5787 5790 5793 5796 5799 5802 5805 5808 5811 5814 5817 5820 5823 5826 5829 5832 5835 5838 5841 5844 5847 5850 5853 5856 5859 5862 5865 5868 5871 5874 5877 5880 5883 5886 5889 5892 5895 5898 5901 5904 5907 5910 5913 5916 5919 5922 5925 5928 5931 5934 5937 5940 5943 5946 5949 5952 5955 5958 5961 5964 5967 5970 5973 5976 5979 5982 5985 5988 5991 5994 5997 6000 6003 6006 6009 6012 6015 6018 6021 6024 6027 6030 6033 6036 6039 6042 6045 6048 6051 6054 6057 6060 6063 6066 6069 6072 6075 6078 6081 6084 6087 6090 6093 6096 6099 6102 6105 6108 6111 6114 6117 6120 6123 6126 6129 6132 6135 6138 6141 6144 6147 6150 6153 6156 6159 6162 6165 6168 6171 6174 6177 6180 6183 6186 6189 6192 6195 6198 6201 6204 6207 6210 6213 6216 6219 6222 6225 6228 6231 6234 6237 6240 6243 6246 6249 6252 6255 6258 6261 6264 6267 6270 6273 6276 6279 6282 6285 6288 6291 6294 6297 6300 6303 6306 6309 6312 6315 6318 6321 6324 6327 6330 6333 6336 6339 6342 6345 6348 6351 6354 6357 6360 6363 6366 6369 6372 6375 6378 6381 6384 6387 6390 6393 6396 6399 6402 6405 6408 6411 6414 6417 6420 6423 6426 6429 6432 6435 6438 6441 6444 6447 6450 6453 6456 6459 6462 6465 6468 6471 6474 6477 6480 6483 6486 6489 6492 6495 6498 6501 6504 6507 6510 6513 6516 6519 6522 6525 6528 6531 6534 6537 6540 6543 6546 6549 6552 6555 6558 6561 6564 6567 6570 6573 6576 6579 6582 6585 6588 6591 6594 6597 6600 6603 6606 6609 6612 6615 6618 6621 6624 6627 6630 6633 6636 6639 6642 6645 6648 6651 6654 6657 6660 6663 6666 6669 6672 6675 6678 6681 6684 6687 6690 6693 6696 6699 6702 6705 6708 6711 6714 6717 6720 6723 6726 6729 6732 6735 6738 6741 6744 6747 6750 6753 6756 6759 6762 6765 6768 6771 6774 6777 6780 6783 6786 6789 6792 6795 6798 6801 6804 6807 6810 6813 6816 6819 6822 6825 6828 6831 6834 6837 6840 6843 6846 6849 6852 6855 6858 6861 6864 6867 6870 6873 6876 6879 6882 6885 6888 6891 6894 6897 6900 6903 6906 6909 6912 6915 6918 6921 6924 6927 6930 6933 6936 6939 6942 6945 6948 6951 6954 6957 6960 6963 6966 6969 6972 6975 6978 6981 6984 6987 6990 6993 6996 6999 7002 7005 7008 7011 7014 7017 7020 7023 7026 7029 7032 7035 7038 7041 7044 7047 7050 7053 7056 7059 7062 7065 7068 7071 7074 7077 7080 7083 7086 7089 7092 7095 7098 7101 7104 7107 7110 7113 7116 7119 7122 7125 7128 7131 7134 7137 7140 7143 7146 7149 7152 7155 7158 7161 7164 7167 7170 7173 7176 7179 7182 7185 7188 7191 7194 7197 7200 7203 7206 7209 7212 7215 7218 7221 7224 7227 7230 7233 7236 7239 7242 7245 7248 7251 7254 7257 7260 7263 7266 7269 7272 7275 7278 7281 7284 7287 7290 7293 7296 7299 7302 7305 7308 7311 7314 7317 7320 7323 7326 7329 7332 7335 7338 7341 7344 7347 7350 7353 7356 7359 7362 7365 7368 7371 7374 7377 7380 7383 7386 7389 7392 7395 7398 7401 7404 7407 7410 7413 7416 7419 7422 7425 7428 7431 7434 7437 7440 7443 7446 7449 7452 7455 7458 7461 7464 7467 7470 7473 7476 7479 7482 7485 7488 7491 7494 7497 7500 7503 7506 7509 7512 7515 7518 7521 7524 7527 7530 7533 7536 7539 7542 7545 7548 7551 7554 7557 7560 7563 7566 7569 7572 7575 7578 7581 7584 7587 7590 7593 7596 7599 7602 7605 7608 7611 7614 7617 7620 7623 7626 7629 7632 7635 7638 7641 7644 7647 7650 7653 7656 7659 7662 7665 7668 7671 7674 7677 7680 7683 7686 7689 7692 7695 7698 7701 7704 7707 7710 7713 7716 7719 7722 7725 7728 7731 7734 7737 7740 7743 7746 7749 7752 7755 7758 7761 7764 7767 7770 7773 7776 7779 7782 7785 7788 7791 7794 7797 7800 7803 7806 7809 7812 7815 7818 7821 7824 7827 7830 7833 7836 7839 7842 7845 7848 7851 7854 7857 7860 7863 7866 7869 7872 7875 7878 7881 7884 7887 7890 7893 7896 7899 7902 7905 7908 7911 7914 7917 7920 7923 7926 7929 7932 7935 7938 7941 7944 7947 7950 7953 7956 7959 7962 7965 7968 7971 7974 7977 7980 7983 7986 7989 7992 7995 7998 8001 8004 8007 8010 8013 8016 8019 8022 8025 8028 8031 8034 8037 8040 8043 8046 8049 8052 8055 8058 8061 8064 8067 8070 8073 8076 8079 8082 8085 8088 8091 8094 8097 8100 8103 8106 8109 8112 8115 8118 8121 8124 8127 8130 8133 8136 8139 8142 8145 8148 8151 8154 8157 8160 8163 8166 8169 8172 8175 8178 8181 8184 8187 8190 8193 8196 8199 8202 8205 8208 8211 8214 8217 8220 8223 8226 8229 8232 8235 8238 8241 8244 8247 8250 8253 8256 8259 8262 8265 8268 8271 8274 8277 8280 8283 8286 8289 8292 8295 8298 8301 8304 8307 8310 8313 8316 8319 8322 8325 8328 8331 8334 8337 8340 8343 8346 8349 8352 8355 8358 8361 8364 8367 8370 8373 8376 8379 8382 8385 8388 8391 8394 8397 8400 8403 8406 8409 8412 8415 8418 8421 8424 8427 8430 8433 8436 8439 8442 8445 8448 8451 8454 8457 8460 8463 8466 8469 8472 8475 8478 8481 8484 8487 8490 8493 8496 8499 8502 8505 8508 8511 8514 8517 8520 8523 8526 8529 8532 8535 8538 8541 8544 8547 8550 8553 8556 8559 8562 8565 8568 8571 8574 8577 8580 8583 8586 8589 8592 8595 8598 8601 8604 8607 8610 8613 8616 8619 8622 8625 8628 8631 8634 8637 8640 8643 8646 8649 8652 8655 8658 8661 8664 8667 8670 8673 8676 8679 8682 8685 8688 8691 8694 8697 8700 8703 8706 8709 8712 8715 8718 8721 8724 8727 8730 8733 8736 8739 8742 8745 8748 8751 8754 8757 8760 8763 8766 8769 8772 8775 8778 8781 8784 8787 8790 8793 8796 8799 8802 8805 8808 8811 8814 8817 8820 8823 8826 8829 8832 8835 8838 8841 8844 8847 8850 8853 8856 8859 8862 8865 8868 8871 8874 8877 8880 8883 8886 8889 8892 8895 8898 8901 8904 8907 8910 8913 8916 8919 8922 8925 8928 8931 8934 8937 8940 8943 8946 8949 8952 8955 8958 8961 8964 8967 8970 8973 8976 8979 8982 8985 8988 8991 8994 8997 9000 9003 9006 9009 9012 9015 9018 9021 9024 9027 9030 9033 9036 9039 9042 9045 9048 9051 9054 9057 9060 9063 9066 9069 9072 9075 9078 9081 9084 9087 9090 9093 9096 9099 9102 9105 9108 9111 9114 9117 9120 9123 9126 9129 9132 9135 9138 9141 9144 9147 9150 9153 9156 9159 9162 9165 9168 9171 9174 9177 9180 9183 9186 9189 9192 9195 9198 9201 9204 9207 9210 9213 9216 9219 9222 9225 9228 9231 9234 9237 9240 9243 9246 9249 9252 9255 9258 9261 9264 9267 9270 9273 9276 9279 9282 9285 9288 9291 9294 9297 9300 9303 9306 9309 9312 9315 9318 9321 9324 9327 9330 9333 9336 9339 9342 9345 9348 9351 9354 9357 9360 9363 9366 9369 9372 9375 9378 9381 9384 9387 9390 9393 9396 9399 9402 9405 9408 9411 9414 9417 9420 9423 9426 9429 9432 9435 9438 9441 9444 9447 9450 9453 9456 9459 9462 9465 9468 9471 9474 9477 9480 9483 9486 9489 9492 9495 9498 9501 9504 9507 9510 9513 9516 9519 9522 9525 9528 9531 9534 9537 9540 9543 9546 9549 9552 9555 9558 9561 9564 9567 9570 9573 9576 9579 9582 9585 9588 9591 9594 9597 9600 9603 9606 9609 9612 9615 9618 9621 9624 9627 9630 9633 9636 9639 9642 9645 9648 9651 9654 9657 9660 9663 9666 9669 9672 9675 9678 9681 9684 9687 9690 9693 9696 9699 9702 9705 9708 9711 9714 9717 9720 9723 9726 9729 9732 9735 9738 9741 9744 9747 9750 9753 9756 9759 9762 9765 9768 9771 9774 9777 9780 9783 9786 9789 9792 9795 9798 9801 9804 9807 9810 9813 9816 9819 9822 9825 9828 9831 9834 9837 9840 9843 9846 9849 9852 9855 9858 9861 9864 9867 9870 9873 9876 9879 9882 9885 9888 9891 9894 9897 9900 9903 9906 9909 9912 9915 9918 9921 9924 9927 9930 9933 9936 9939 9942 9945 9948 9951 9954 9957 9960 9963 9966 9969 9972 9975 9978 9981 9984 9987 9990 9993 9996 9999 10002 10005 10008 10011 10014 10017 10020 10023 10026 10029 10032 10035 10038 10041 10044 10047 10050 10053 10056 10059 10062 10065 10068 10071 10074 10077 10080 10083 10086 10089 10092 10095 10098 10101 10104 10107 10110 10113 10116 10119 10122 10125 10128 10131 10134 10137 10140 10143 10146 10149 10152 10155 10158 10161 10164 10167 10170 10173 10176 10179 10182 10185 10188 10191 10194 10197 10200 10203 10206 10209 10212 10215 10218 10221 10224 10227 10230 10233 10236 10239 10242 10245 10248 10251 10254 10257 10260 10263 10266 10269 10272 10275 10278 10281 10284 10287 10290 10293 10296 10299 10302 10305 10308 10311 10314 10317 10320 10323 10326 10329 10332 10335 10338 10341 10344 10347 10350 10353 10356 10359 10362 10365 10368 10371 10374 10377 10380 10383 10386 10389 10392 10395 10398 10401 10404 10407 10410 10413 10416 10419 10422 10425 10428 10431 10434 10437 10440 10443 10446 10449 10452 10455 10458 10461 10464 10467 10470 10473 10476 10479 10482 10485 10488 10491 10494 10497 10500 10503 10506 10509 10512 10515 10518 10521 10524 10527 10530 10533 10536 10539 10542 10545 10548 10551 10554 10557 10560 10563 10566 10569 10572 10575 10578 10581 10584 10587 10590 10593 10596 10599 10602 10605 10608 10611 10614 10617 10620 10623 10626 10629 10632 10635 10638 10641 10644 10647 10650 10653 10656 10659 10662 10665 10668 10671 10674 10677 10680 10683 10686 10689 10692 10695 10698 10701 10704 10707 10710 10713 10716 10719 10722 10725 10728 10731 10734 10737 10740 10743 10746 10749 10752 10755 10758 10761 10764 10767 10770 10773 10776 10779 10782 10785 10788 10791 10794 10797 10800 10803 10806 10809 10812 10815 10818 10821 10824 10827 10830 10833 10836 10839 10842 10845 10848 10851 10854 10857 10860 10863 10866 10869 10872 10875 10878 10881 10884 10887 10890 10893 10896 10899 10902 10905 10908 10911 10914 10917 10920 10923 10926 10929 10932 10935 10938 10941 10944 10947 10950 10953 10956 10959 10962 10965 10968 10971 10974 10977 10980 10983 10986 10989 10992 10995 10998 11001 11004 11007 11010 11013 11016 11019 11022 11025 11028 11031 11034 11037 11040 11043 11046 11049 11052 11055 11058 11061 11064 11067 11070 11073 11076 11079 11082 11085 11088 11091 11094 11097 11100 11103 11106 11109 11112 11115 11118 11121 11124 11127 11130 11133 11136 11139 11142 11145 11148 11151 11154 11157 11160 11163 11166 11169 11172 11175 11178 11181 11184 11187 11190 11193 11196 11199 11202 11205 11208 11211 11214 11217 11220 11223 11226 11229 11232 11235 11238 11241 11244 11247 11250 11253 11256 11259 11262 11265 11268 11271 11274 11277 11280 11283 11286 11289 11292 11295 11298 11301 11304 11307 11310 11313 11316 11319 11322 11325 11328 11331 11334 11337 11340 11343 11346 11349 11352 11355 11358 11361 11364 11367 11370 11373 11376 11379 11382 11385 11388 11391 11394 11397 11400 11403 11406 11409 11412 11415 11418 11421 11424 11427 11430 11433 11436 11439 11442 11445 11448 11451 11454 11457 11460 11463 11466 11469 11472 11475 11478 11481 11484 11487 11490 11493 11496 11499 11502 11505 11508 11511 11514 11517 11520 11523 11526 11529 11532 11535 11538 11541 11544 11547 11550 11553 11556 11559 11562 11565 11568 11571 11574 11577 11580 11583 11586 11589 11592 11595 11598 11601 11604 11607 11610 11613 11616 11619 11622 11625 11628 11631 11634 11637 11640 11643 11646 11649 11652 11655 11658 11661 11664 11667 11670 11673 11676 11679 11682 11685 11688 11691 11694 11697 11700 11703 11706 11709 11712 11715 11718 11721 11724 11727 11730 11733 11736 11739 11742 11745 11748 11751 11754 11757 11760 11763 11766 11769 11772 11775 11778 11781 11784 11787 11790 11793 11796 11799 11802 11805 11808 11811 11814 11817 11820 11823 11826 11829 11832 11835 11838 11841 11844 11847 11850 11853 11856 11859 11862 11865 11868 11871 11874 11877 11880 11883 11886 11889 11892 11895 11898 11901 11904 11907 11910 11913 11916 11919 11922 11925 11928 11931 11934 11937 11940 11943 11946 11949 11952 11955 11958 11961 11964 11967 11970 11973 11976 11979 11982 11985 11988 11991 11994 11997 12000 12003 12006 12009 12012 12015 12018 12021 12024 12027 12030 12033 12036 12039 12042 12045 12048 12051 12054 12057 12060 12063 12066 12069 12072 12075 12078 12081 12084 12087 12090 12093 12096 12099 12102 12105 12108 12111 12114 12117 12120 12123 12126 12129 12132 12135 12138 12141 12144 12147 12150 12153 12156 12159 12162 12165 12168 12171 12174 12177 12180 12183 12186 12189 12192 12195 12198 12201 12204 12207 12210 12213 12216 12219 12222 12225 12228 12231 12234 12237 12240 12243 12246 12249 12252 12255 12258 12261 12264 12267 12270 12273 12276 12279 12282 12285 12288 12291 12294 12297 12300 12303 12306 12309 12312 12315 12318 12321 12324 12327 12330 12333 12336 12339 12342 12345 12348 12351 12354 12357 12360 12363 12366 12369 12372 12375 12378 12381 12384 12387 12390 12393 12396 12399 12402 12405 12408 12411 12414 12417 12420 12423 12426 12429 12432 12435 12438 12441 12444 12447 12450 12453 12456 12459 12462 12465 12468 12471 12474 12477 12480 12483 12486 12489 12492 12495 12498 12501 12504 12507 12510 12513 12516 12519 12522 12525 12528 12531 12534 12537 12540 12543 12546 12549 12552 12555 12558 12561 12564 12567 12570 12573 12576 12579 12582 12585 12588 12591 12594 12597 12600 12603 12606 12609 12612 12615 12618 12621 12624 12627 12630 12633 12636 12639 12642 12645 12648 12651 12654 12657 12660 12663 12666 12669 12672 12675 12678 12681 12684 12687 12690 12693 12696 12699 12702 12705 12708 12711 12714 12717 12720 12723 12726 12729 12732 12735 12738 12741 12744 12747 12750 12753 12756 12759 12762 12765 12768 12771 12774 12777 12780 12783 12786 12789 12792 12795 12798 12801 12804 12807 12810 12813 12816 12819 12822 12825 12828 12831 12834 12837 12840 12843 12846 12849 12852 12855 12858 12861 12864 12867 12870 12873 12876 12879 12882 12885 12888 12891 12894 12897 12900 12903 12906 12909 12912 12915 12918 12921 12924 12927 12930 12933 12936 12939 12942 12945 12948 12951 12954 12957 12960 12963 12966 12969 12972 12975 12978 12981 12984 12987 12990 12993 12996 12999 13002 13005 13008 13011 13014 13017 13020 13023 13026 13029 13032 13035 13038 13041 13044 13047 13050 13053 13056 13059 13062 13065 13068 13071 13074 13077 13080 13083 13086 13089 13092 13095 13098 13101 13104 13107 13110 13113 13116 13119 13122 13125 13128 13131 13134 13137 13140 13143 13146 13149 13152 13155 13158 13161 13164 13167 13170 13173 13176 13179 13182 13185 13188 13191 13194 13197 13200 13203 13206 13209 13212 13215 13218 13221 13224 13227 13230 13233 13236 13239 13242 13245 13248 13251 13254 13257 13260 13263 13266 13269 13272 13275 13278 13281 13284 13287 13290 13293 13296 13299 13302 13305 13308 13311 13314 13317 13320 13323 13326 13329 13332 13335 13338 13341 13344 13347 13350 13353 13356 13359 13362 13365 13368 13371 13374 13377 13380 13383 13386 13389 13392 13395 13398 13401 13404 13407 13410 13413 13416 13419 13422 13425 13428 13431 13434 13437 13440 13443 13446 13449 13452 13455 13458 13461 13464 13467 13470 13473 13476 13479 13482 13485 13488 13491 13494 13497 13500 13503 13506 13509 13512 13515 13518 13521 13524 13527 13530 13533 13536 13539 13542 13545 13548 13551 13554 13557 13560 13563 13566 13569 13572 13575 13578 13581 13584 13587 13590 13593 13596 13599 13602 13605 13608 13611 13614 13617 13620 13623 13626 13629 13632 13635 13638 13641 13644 13647 13650 13653 13656 13659 13662 13665 13668 13671 13674 13677 13680 13683 13686 13689 13692 13695 13698 13701 13704 13707 13710 13713 13716 13719 13722 13725 13728 13731 13734 13737 13740 13743 13746 13749 13752 13755 13758 13761 13764 13767 13770 13773 13776 13779 13782 13785 13788 13791 13794 13797 13800 13803 13806 13809 13812 13815 13818 13821 13824 13827 13830 13833 13836 13839 13842 13845 13848 13851 13854 13857 13860 13863 13866 13869 13872 13875 13878 13881 13884 13887 13890 13893 13896 13899 13902 13905 13908 13911 13914 13917 13920 13923 13926 13929 13932 13935 13938 13941 13944 13947 13950 13953 13956 13959 13962 13965 13968 13971 13974 13977 13980 13983 13986 13989 13992 13995 13998 14001 14004 14007 14010 14013 14016 14019 14022 14025 14028 14031 14034 14037 14040 14043 14046 14049 14052 14055 14058 14061 14064 14067 14070 14073 14076 14079 14082 14085 14088 14091 14094 14097 14100 14103 14106 14109 14112 14115 14118 14121 14124 14127 14130 14133 14136 14139 14142 14145 14148 14151 14154 14157 14160 14163 14166 14169 14172 14175 14178 14181 14184 14187 14190 14193 14196 14199 14202 14205 14208 14211 14214 14217 14220 14223 14226 14229 14232 14235 14238 14241 14244 14247 14250 14253 14256 14259 14262 14265 14268 14271 14274 14277 14280 14283 14286 14289 14292 14295 14298 14301 14304 14307 14310 14313 14316 14319 14322 14325 14328 14331 14334 14337 14340 14343 14346 14349 14352 14355 14358 14361 14364 14367 14370 14373 14376 14379 14382 14385 14388 14391 14394 14397 14400 14403 14406 14409 14412 14415 14418 14421 14424 14427 14430 14433 14436 14439 14442 14445 14448 14451 14454 14457 14460 14463 14466 14469 14472 14475 14478 14481 14484 14487 14490 14493 14496 14499 14502 14505 14508 14511 14514 14517 14520 14523 14526 14529 14532 14535 14538 14541 14544 14547 14550 14553 14556 14559 14562 14565 14568 14571 14574 14577 14580 14583 14586 14589 14592 14595 14598 14601 14604 14607 14610 14613 14616 14619 14622 14625 14628 14631 14634 14637 14640 14643 14646 14649 14652 14655 14658 14661 14664 14667 14670 14673 14676 14679 14682 14685 14688 14691 14694 14697 14700 14703 14706 14709 14712 14715 14718 14721 14724 14727 14730 14733 14736 14739 14742 14745 14748 14751 14754 14757 14760 14763 14766 14769 14772 14775 14778 14781 14784 14787 14790 14793 14796 14799 14802 14805 14808 14811 14814 14817 14820 14823 14826 14829 14832 14835 14838 14841 14844 14847 14850 14853 14856 14859 14862 14865 14868 14871 14874 14877 14880 14883 14886 14889 14892 14895 14898 14901 14904 14907 14910 14913 14916 14919 14922 14925 14928 14931 14934 14937 14940 14943 14946 14949 14952 14955 14958 14961 14964 14967 14970 14973 14976 14979 14982 14985 14988 14991 14994 14997 15000 </DataArray>
<DataArray  type="UInt8"  Name="types"  format="ascii">5 5 5 5 5 5 5 5 5 5 5 5 5 5 5 5 5 5 5 5 5 5 5 5 5 5 5 5 5 5 5 5 5 5 5 5 5 5 5 5 5 5 5 5 5 5 5 5 5 5 5 5 5 5 5 5 5 5 5 5 5 5 5 5 5 5 5 5 5 5 5 5 5 5 5 5 5 5 5 5 5 5 5 5 5 5 5 5 5 5 5 5 5 5 5 5 5 5 5 5 5 5 5 5 5 5 5 5 5 5 5 5 5 5 5 5 5 5 5 5 5 5 5 5 5 5 5 5 5 5 5 5 5 5 5 5 5 5 5 5 5 5 5 5 5 5 5 5 5 5 5 5 5 5 5 5 5 5 5 5 5 5 5 5 5 5 5 5 5 5 5 5 5 5 5 5 5 5 5 5 5 5 5 5 5 5 5 5 5 5 5 5 5 5 5 5 5 5 5 5 5 5 5 5 5 5 5 5 5 5 5 5 5 5 5 5 5 5 5 5 5 5 5 5 5 5 5 5 5 5 5 5 5 5 5 5 5 5 5 5 5 5 5 5 5 5 5 5 5 5 5 5 5 5 5 5 5 5 5 5 5 5 5 5 5 5 5 5 5 5 5 5 5 5 5 5 5 5 5 5 5 5 5 5 5 5 5 5 5 5 5 5 5 5 5 5 5 5 5 5 5 5 5 5 5 5 5 5 5 5 5 5 5 5 5 5 5 5 5 5 5 5 5 5 5 5 5 5 5 5 5 5 5 5 5 5 5 5 5 5 5 5 5 5 5 5 5 5 5 5 5 5 5 5 5 5 5 5 5 5 5 5 5 5 5 5 5 5 5 5 5 5 5 5 5 5 5 5 5 5 5 5 5 5 5 5 5 5 5 5 5 5 5 5 5 5 5 5 5 5 5 5 5 5 5 5 5 5 5 5 5 5 5 5 5 5 5 5 5 5 5 5 5 5 5 5 5 5 5 5 5 5 5 5 5 5 5 5 5 5 5 5 5 5 5 5 5 5 5 5 5 5 5 5 5 5 5 5 5 5 5 5 5 5 5 5 5 5 5 5 5 5 5 5 5 5 5 5 5 5 5 5 5 5 5 5 5 5 5 5 5 5 5 5 5 5 5 5 5 5 5 5 5 5 5 5 5 5 5 5 5 5 5 5 5 5 5 5 5 5 5 5 5 5 5 5 5 5 5 5 5 5 5 5 5 5 5 5 5 5 5 5 5 5 5 5 5 5 5 5 5 5 5 5 5 5 5 5 5 5 5 5 5 5 5 5 5 5 5 5 5 5 5 5 5 5 5 5 5 5 5 5 5 5 5 5 5 5 5 5 5 5 5 5 5 5 5 5 5 5 5 5 5 5 5 5 5 5 5 5 5 5 5 5 5 5 5 5 5 5 5 5 5 5 5 5 5 5 5 5 5 5 5 5 5 5 5 5 5 5 5 5 5 5 5 5 5 5 5 5 5 5 5 5 5 5 5 5 5 5 5 5 5 5 5 5 5 5 5 5 5 5 5 5 5 5 5 5 5 5 5 5 5 5 5 5 5 5 5 5 5 5 5 5 5 5 5 5 5 5 5 5 5 5 5 5 5 5 5 5 5 5 5 5 5 5 5 5 5 5 5 5 5 5 5 5 5 5 5 5 5 5 5 5 5 5 5 5 5 5 5 5 5 5 5 5 5 5 5 5 5 5 5 5 5 5 5 5 5 5 5 5 5 5 5 5 5 5 5 5 5 5 5 5 5 5 5 5 5 5 5 5 5 5 5 5 5 5 5 5 5 5 5 5 5 5 5 5 5 5 5 5 5 5 5 5 5 5 5 5 5 5 5 5 5 5 5 5 5 5 5 5 5 5 5 5 5 5 5 5 5 5 5 5 5 5 5 5 5 5 5 5 5 5 5 5 5 5 5 5 5 5 5 5 5 5 5 5 5 5 5 5 5 5 5 5 5 5 5 5 5 5 5 5 5 5 5 5 5 5 5 5 5 5 5 5 5 5 5 5 5 5 5 5 5 5 5 5 5 5 5 5 5 5 5 5 5 5 5 5 5 5 5 5 5 5 5 5 5 5 5 5 5 5 5 5 5 5 5 5 5 5 5 5 5 5 5 5 5 5 5 5 5 5 5 5 5 5 5 5 5 5 5 5 5 5 5 5 5 5 5 5 5 5 5 5 5 5 5 5 5 5 5 5 5 5 5 5 5 5 5 5 5 5 5 5 5 5 5 5 5 5 5 5 5 5 5 5 5 5 5 5 5 5 5 5 5 5 5 5 5 5 5 5 5 5 5 5 5 5 5 5 5 5 5 5 5 5 5 5 5 5 5 5 5 5 5 5 5 5 5 5 5 5 5 5 5 5 5 5 5 5 5 5 5 5 5 5 5 5 5 5 5 5 5 5 5 5 5 5 5 5 5 5 5 5 5 5 5 5 5 5 5 5 5 5 5 5 5 5 5 5 5 5 5 5 5 5 5 5 5 5 5 5 5 5 5 5 5 5 5 5 5 5 5 5 5 5 5 5 5 5 5 5 5 5 5 5 5 5 5 5 5 5 5 5 5 5 5 5 5 5 5 5 5 5 5 5 5 5 5 5 5 5 5 5 5 5 5 5 5 5 5 5 5 5 5 5 5 5 5 5 5 5 5 5 5 5 5 5 5 5 5 5 5 5 5 5 5 5 5 5 5 5 5 5 5 5 5 5 5 5 5 5 5 5 5 5 5 5 5 5 5 5 5 5 5 5 5 5 5 5 5 5 5 5 5 5 5 5 5 5 5 5 5 5 5 5 5 5 5 5 5 5 5 5 5 5 5 5 5 5 5 5 5 5 5 5 5 5 5 5 5 5 5 5 5 5 5 5 5 5 5 5 5 5 5 5 5 5 5 5 5 5 5 5 5 5 5 5 5 5 5 5 5 5 5 5 5 5 5 5 5 5 5 5 5 5 5 5 5 5 5 5 5 5 5 5 5 5 5 5 5 5 5 5 5 5 5 5 5 5 5 5 5 5 5 5 5 5 5 5 5 5 5 5 5 5 5 5 5 5 5 5 5 5 5 5 5 5 5 5 5 5 5 5 5 5 5 5 5 5 5 5 5 5 5 5 5 5 5 5 5 5 5 5 5 5 5 5 5 5 5 5 5 5 5 5 5 5 5 5 5 5 5 5 5 5 5 5 5 5 5 5 5 5 5 5 5 5 5 5 5 5 5 5 5 5 5 5 5 5 5 5 5 5 5 5 5 5 5 5 5 5 5 5 5 5 5 5 5 5 5 5 5 5 5 5 5 5 5 5 5 5 5 5 5 5 5 5 5 5 5 5 5 5 5 5 5 5 5 5 5 5 5 5 5 5 5 5 5 5 5 5 5 5 5 5 5 5 5 5 5 5 5 5 5 5 5 5 5 5 5 5 5 5 5 5 5 5 5 5 5 5 5 5 5 5 5 5 5 5 5 5 5 5 5 5 5 5 5 5 5 5 5 5 5 5 5 5 5 5 5 5 5 5 5 5 5 5 5 5 5 5 5 5 5 5 5 5 5 5 5 5 5 5 5 5 5 5 5 5 5 5 5 5 5 5 5 5 5 5 5 5 5 5 5 5 5 5 5 5 5 5 5 5 5 5 5 5 5 5 5 5 5 5 5 5 5 5 5 5 5 5 5 5 5 5 5 5 5 5 5 5 5 5 5 5 5 5 5 5 5 5 5 5 5 5 5 5 5 5 5 5 5 5 5 5 5 5 5 5 5 5 5 5 5 5 5 5 5 5 5 5 5 5 5 5 5 5 5 5 5 5 5 5 5 5 5 5 5 5 5 5 5 5 5 5 5 5 5 5 5 5 5 5 5 5 5 5 5 5 5 5 5 5 5 5 5 5 5 5 5 5 5 5 5 5 5 5 5 5 5 5 5 5 5 5 5 5 5 5 5 5 5 5 5 5 5 5 5 5 5 5 5 5 5 5 5 5 5 5 5 5 5 5 5 5 5 5 5 5 5 5 5 5 5 5 5 5 5 5 5 5 5 5 5 5 5 5 5 5 5 5 5 5 5 5 5 5 5 5 5 5 5 5 5 5 5 5 5 5 5 5 5 5 5 5 5 5 5 5 5 5 5 5 5 5 5 5 5 5 5 5 5 5 5 5 5 5 5 5 5 5 5 5 5 5 5 5 5 5 5 5 5 5 5 5 5 5 5 5 5 5 5 5 5 5 5 5 5 5 5 5 5 5 5 5 5 5 5 5 5 5 5 5 5 5 5 5 5 5 5 5 5 5 5 5 5 5 5 5 5 5 5 5 5 5 5 5 5 5 5 5 5 5 5 5 5 5 5 5 5 5 5 5 5 5 5 5 5 5 5 5 5 5 5 5 5 5 5 5 5 5 5 5 5 5 5 5 5 5 5 5 5 5 5 5 5 5 5 5 5 5 5 5 5 5 5 5 5 5 5 5 5 5 5 5 5 5 5 5 5 5 5 5 5 5 5 5 5 5 5 5 5 5 5 5 5 5 5 5 5 5 5 5 5 5 5 5 5 5 5 5 5 5 5 5 5 5 5 5 5 5 5 5 5 5 5 5 5 5 5 5 5 5 5 5 5 5 5 5 5 5 5 5 5 5 5 5 5 5 5 5 5 5 5 5 5 5 5 5 5 5 5 5 5 5 5 5 5 5 5 5 5 5 5 5 5 5 5 5 5 5 5 5 5 5 5 5 5 5 5 5 5 5 5 5 5 5 5 5 5 5 5 5 5 5 5 5 5 5 5 5 5 5 5 5 5 5 5 5 5 5 5 5 5 5 5 5 5 5 5 5 5 5 5 5 5 5 5 5 5 5 5 5 5 5 5 5 5 5 5 5 5 5 5 5 5 5 5 5 5 5 5 5 5 5 5 5 5 5 5 5 5 5 5 5 5 5 5 5 5 5 5 5 5 5 5 5 5 5 5 5 5 5 5 5 5 5 5 5 5 5 5 5 5 5 5 5 5 5 5 5 5 5 5 5 5 5 5 5 5 5 5 5 5 5 5 5 5 5 5 5 5 5 5 5 5 5 5 5 5 5 5 5 5 5 5 5 5 5 5 5 5 5 5 5 5 5 5 5 5 5 5 5 5 5 5 5 5 5 5 5 5 5 5 5 5 5 5 5 5 5 5 5 5 5 5 5 5 5 5 5 5 5 5 5 5 5 5 5 5 5 5 5 5 5 5 5 5 5 5 5 5 5 5 5 5 5 5 5 5 5 5 5 5 5 5 5 5 5 5 5 5 5 5 5 5 5 5 5 5 5 5 5 5 5 5 5 5 5 5 5 5 5 5 5 5 5 5 5 5 5 5 5 5 5 5 5 5 5 5 5 5 5 5 5 5 5 5 5 5 5 5 5 5 5 5 5 5 5 5 5 5 5 5 5 5 5 5 5 5 5 5 5 5 5 5 5 5 5 5 5 5 5 5 5 5 5 5 5 5 5 5 5 5 5 5 5 5 5 5 5 5 5 5 5 5 5 5 5 5 5 5 5 5 5 5 5 5 5 5 5 5 5 5 5 5 5 5 5 5 5 5 5 5 5 5 5 5 5 5 5 5 5 5 5 5 5 5 5 5 5 5 5 5 5 5 5 5 5 5 5 5 5 5 5 5 5 5 5 5 5 5 5 5 5 5 5 5 5 5 5 5 5 5 5 5 5 5 5 5 5 5 5 5 5 5 5 5 5 5 5 5 5 5 5 5 5 5 5 5 5 5 5 5 5 5 5 5 5 5 5 5 5 5 5 5 5 5 5 5 5 5 5 5 5 5 5 5 5 5 5 5 5 5 5 5 5 5 5 5 5 5 5 5 5 5 5 5 5 5 5 5 5 5 5 5 5 5 5 5 5 5 5 5 5 5 5 5 5 5 5 5 5 5 5 5 5 5 5 5 5 5 5 5 5 5 5 5 5 5 5 5 5 5 5 5 5 5 5 5 5 5 5 5 5 5 5 5 5 5 5 5 5 5 5 5 5 5 5 5 5 5 5 5 5 5 5 5 5 5 5 5 5 5 5 5 5 5 5 5 5 5 5 5 5 5 5 5 5 5 5 5 5 5 5 5 5 5 5 5 5 5 5 5 5 5 5 5 5 5 5 5 5 5 5 5 5 5 5 5 5 5 5 5 5 5 5 5 5 5 5 5 5 5 5 5 5 5 5 5 5 5 5 5 5 5 5 5 5 5 5 5 5 5 5 5 5 5 5 5 5 5 5 5 5 5 5 5 5 5 5 5 5 5 5 5 5 5 5 5 5 5 5 5 5 5 5 5 5 5 5 5 5 5 5 5 5 5 5 5 5 5 5 5 5 5 5 5 5 5 5 5 5 5 5 5 5 5 5 5 5 5 5 5 5 5 5 5 5 5 5 5 5 5 5 5 5 5 5 5 5 5 5 5 5 5 5 5 5 5 5 5 5 5 5 5 5 5 5 5 5 5 5 5 5 5 5 5 5 5 5 5 5 5 5 5 5 5 5 5 5 5 5 5 5 5 5 5 5 5 5 5 5 5 5 5 5 5 5 5 5 5 5 5 5 5 5 5 5 5 5 5 5 5 5 5 5 5 5 5 5 5 5 5 5 5 5 5 5 5 5 5 5 5 5 5 5 5 5 5 5 5 5 5 5 5 5 5 5 5 5 5 5 5 5 5 5 5 5 5 5 5 5 5 5 5 5 5 5 5 5 5 5 5 5 5 5 5 5 5 5 5 5 5 5 5 5 5 5 5 5 5 5 5 5 5 5 5 5 5 5 5 5 5 5 5 5 5 5 5 5 5 5 5 5 5 5 5 5 5 5 5 5 5 5 5 5 5 5 5 5 5 5 5 5 5 5 5 5 5 5 5 5 5 5 5 5 5 5 5 5 5 5 5 5 5 5 5 5 5 5 5 5 5 5 5 5 5 5 5 5 5 5 5 5 5 5 5 5 5 5 5 5 5 5 5 5 5 5 5 5 5 5 5 5 5 5 5 5 5 5 5 5 5 5 5 5 5 5 5 5 5 5 5 5 5 5 5 5 5 5 5 5 5 5 5 5 5 5 5 5 5 5 5 5 5 5 5 5 5 5 5 5 5 5 5 5 5 5 5 5 5 5 5 5 5 5 5 5 5 5 5 5 5 5 5 5 5 5 5 5 5 5 5 5 5 5 5 5 5 5 5 5 5 5 5 5 5 5 5 5 5 5 5 5 5 5 5 5 5 5 5 5 5 5 5 5 5 5 5 5 5 5 5 5 5 5 5 5 5 5 5 5 5 5 5 5 5 5 5 5 5 5 5 5 5 5 5 5 5 5 5 5 5 5 5 5 5 5 5 5 5 5 5 5 5 5 5 5 5 5 5 5 5 5 5 5 5 5 5 5 5 5 5 5 5 5 5 5 5 5 5 5 5 5 5 5 5 5 5 5 5 5 5 5 5 5 5 5 5 5 5 5 5 5 5 5 5 5 5 5 5 5 5 5 5 5 5 5 5 5 5 5 5 5 5 5 5 5 5 5 5 5 5 5 5 5 5 5 5 5 5 5 5 5 5 5 5 5 5 5 5 5 5 5 5 5 5 5 5 5 5 5 5 5 5 5 5 5 5 5 5 5 5 5 5 5 5 5 5 5 5 5 5 5 5 5 5 5 5 5 5 5 5 5 5 5 5 5 5 5 5 5 5 5 5 5 5 5 5 5 5 5 5 5 5 5 5 5 5 5 5 5 5 5 5 5 5 5 5 5 5 5 5 5 5 5 5 5 5 5 5 5 5 5 5 5 5 5 5 5 5 5 5 5 5 5 5 5 5 5 5 5 5 5 5 5 5 5 5 5 5 5 5 5 5 5 5 5 5 5 5 5 5 5 5 5 5 5 5 5 5 5 5 5 5 5 5 5 5 5 5 5 5 5 5 5 5 5 5 5 5 5 5 5 5 5 5 5 5 5 5 5 5 5 5 5 5 5 5 5 5 5 5 5 5 5 5 5 5 5 5 5 5 5 5 5 5 5 5 5 5 5 5 5 5 5 5 5 5 5 5 5 5 5 5 5 5 5 5 5 5 5 5 5 5 5 5 5 5 5 5 5 5 5 5 5 5 5 5 5 5 5 5 5 5 5 5 5 5 5 5 5 5 5 5 5 5 5 5 5 5 5 5 5 5 5 5 5 5 5 5 5 5 5 5 5 5 5 5 5 5 5 5 5 5 5 5 5 5 5 5 5 5 5 5 5 5 5 5 5 5 5 5 5 5 5 5 5 5 5 5 5 5 5 5 5 5 5 5 5 5 5 5 5 5 5 5 5 5 5 5 5 5 5 5 5 5 5 5 5 5 5 5 5 5 5 5 5 5 5 5 5 5 5 5 5 5 5 5 5 5 5 5 5 5 5 5 5 5 5 5 5 5 5 5 5 5 5 5 5 5 5 5 5 5 5 5 5 5 5 5 5 5 5 5 5 5 5 5 5 5 5 5 5 5 5 5 5 5 5 5 5 5 5 5 5 5 5 5 5 5 5 5 5 5 5 5 5 5 5 5 5 5 5 5 5 5 5 5 5 5 5 5 5 5 5 5 5 5 5 5 5 5 5 5 5 5 5 5 5 5 5 5 5 5 5 5 5 5 5 5 5 5 5 5 5 5 5 5 5 5 5 5 5 5 5 5 5 5 5 5 5 5 5 5 5 5 5 5 5 5 5 5 5 5 5 5 5 5 5 5 5 5 5 5 5 5 5 5 5 5 5 5 5 5 5 5 5 5 5 5 5 5 5 5 5 5 5 5 5 5 5 5 5 5 5 5 5 5 5 5 5 5 5 5 5 5 5 5 5 5 5 5 5 5 5 5 5 5 5 5 5 5 5 5 5 5 5 5 5 5 5 5 5 5 5 5 5 5 5 5 5 5 5 5 5 5 5 5 5 5 5 5 5 5 5 5 5 5 5 5 5 5 5 5 5 5 5 5 5 5 5 5 5 5 5 5 5 5 5 5 5 5 5 5 5 5 5 5 5 5 5 5 5 5 5 5 5 5 5 5 5 5 5 5 5 5 5 5 5 5 5 5 5 5 5 5 5 5 5 5 5 5 5 5 5 5 5 5 5 5 5 5 5 5 5 5 5 5 5 5 5 5 5 5 5 5 5 5 5 5 5 5 5 5 5 5 5 5 5 5 5 5 5 5 5 5 5 5 5 5 5 5 5 5 5 5 5 5 5 5 5 5 5 5 5 5 5 5 5 5 5 5 5 5 5 5 5 5 5 5 5 5 5 5 5 5 5 5 5 5 5 5 5 5 5 5 5 5 5 5 5 5 5 5 5 5 5 5 5 5 5 5 5 5 5 5 5 5 5 5 5 5 5 5 5 5 5 5 5 5 5 5 5 5 5 5 5 5 5 5 5 5 5 5 5 5 5 5 5 5 5 5 5 5 5 5 5 5 5 5 5 5 5 5 5 5 5 5 5 5 5 5 5 5 5 5 5 5 5 5 5 5 5 5 5 5 5 5 5 5 5 5 5 5 5 5 5 5 5 5 5 5 5 5 5 5 5 5 5 5 5 5 5 5 5 5 5 5 5 5 5 5 5 5 5 5 5 5 5 5 5 5 5 5 5 5 5 5 5 5 5 5 5 5 5 5 5 5 5 5 5 5 5 5 5 5 5 5 5 5 5 5 5 5 5 5 5 5 5 5 5 5 5 5 5 5 5 5 5 5 5 5 5 5 5 5 5 5 5 5 5 5 5 5 5 5 5 5 5 5 5 5 5 5 5 5 5 5 5 5 5 5 5 5 5 5 5 5 5 5 5 5 5 5 5 5 5 5 5 5 5 5 5 5 5 5 5 5 5 5 5 5 5 5 5 5 5 5 5 5 5 5 5 5 5 5 5 5 5 5 5 5 5 5 5 5 5 5 5 5 5 5 5 5 5 5 5 5 5 5 5 5 5 5 5 5 5 5 5 5 5 5 5 5 5 5 5 5 5 5 5 5 5 5 5 5 5 5 5 5 5 5 5 5 5 5 5 5 5 5 5 5 5 5 5 5 5 5 5 5 5 5 5 5 5 5 5 5 5 5 5 5 5 5 5 5 5 5 5 5 5 5 5 5 5 5 5 5 5 5 5 5 5 5 5 5 5 5 5 5 5 5 5 5 5 5 5 5 5 5 5 5 5 5 5 5 5 5 5 5 5 5 5 5 5 5 5 5 5 5 5 5 5 5 5 5 5 5 5 5 5 5 5 5 5 5 5 5 5 5 5 5 5 5 5 5 5 5 5 5 5 5 5 5 5 5 5 5 5 5 5 5 5 5 5 5 5 5 5 5 5 5 5 5 5 5 5 5 5 5 5 5 5 5 5 5 5 5 5 5 5 5 5 5 5 5 5 5 5 5 5 5 5 5 5 5 5 5 5 5 5 5 5 5 5 5 5 5 5 5 5 5 5 5 5 5 5 5 5 5 5 5 5 5 5 5 5 5 5 5 5 5 5 5 5 5 5 5 5 5 5 5 5 5 5 5 5 5 5 5 5 5 5 5 5 5 5 5 5 5 5 5 5 5 5 5 5 5 5 5 5 5 5 5 5 5 5 5 5 5 5 5 5 5 5 5 5 5 5 5 5 5 5 5 5 5 5 5 5 5 5 5 5 5 5 5 5 5 5 5 5 5 5 5 5 5 5 5 5 5 5 5 5 5 5 5 5 5 5 5 5 5 5 5 5 5 5 5 5 5 5 5 5 5 5 5 5 5 5 5 5 5 5 5 5 5 5 5 5 5 5 5 5 5 5 5 5 5 5 5 5 5 5 5 5 5 5 5 5 5 5 5 5 5 5 5 5 5 5 5 5 5 5 5 5 5 5 5 5 5 5 5 5 5 5 5 5 5 5 5 5 5 5 5 5 5 5 5 5 5 5 5 5 5 5 5 5 5 5 5 5 5 5 5 5 5 5 5 5 5 5 5 5 5 5 5 5 5 5 5 5 5 5 5 5 5 5 5 5 5 5 5 5 5 5 5 5 5 5 5 5 5 5 5 5 5 5 5 5 5 5 5 5 5 5 5 5 5 5 5 5 5 5 5 5 5 5 5 5 5 5 5 5 5 5 5 5 5 5 5 5 5 5 5 5 5 5 5 5 5 5 5 5 5 5 5 5 5 5 5 5 5 5 5 5 5 5 5 5 5 5 5 5 5 5 5 5 5 5 5 5 5 5 5 5 5 5 5 5 5 5 5 5 5 5 5 5 5 5 5 5 5 5 5 5 5 5 5 5 5 5 5 5 5 5 </DataArray>
</Cells>
<PointData  Scalars="Solution_new-0"> 
<DataArray  type="Float64"  Name="Solution_new-0"  format="ascii">4.2846881358456972e+02  4.2846887121664702e+02  4.2846900672114111e+02  4.2846922323902544e+02  4.2846951894914110e+02  4.2846988981031353e+02  4.2847033029590409e+02  4.2847083366838501e+02  4.2847139214478938e+02  4.2847199703959308e+02  4.2847263890824468e+02  4.2847330769758878e+02  4.2847399290417263e+02  4.2847468373948277e+02  4.2847536930028849e+02  4.2847603874180021e+02  4.2847668145107372e+02  4.2847728721792100e+02  4.2847784640050202e+02  4.2847835008275962e+02  4.2847879022091621e+02  4.2847915977637848e+02  4.2847945283258997e+02  4.2847966469363109e+02  4.2847979196268392e+02  4.2847983259884711e+02  4.2847978595120122e+02  4.2847965276946479e+02  4.2847943519104581e+02  4.2847913670475907e+02  4.2847876209194061e+02  4.2847831734612993e+02  4.2847780957289575e+02  4.2847724687174582e+02  4.2847663820237125e+02  4.2847599323772977e+02  4.2847532220666415e+02  4.2847463572888114e+02  4.2847394464518590e+02  4.2847325984588576e+02  4.2847259210025260e+02  4.2847195188989338e+02  4.2847134924886166e+02  4.2847079361344413e+02  4.2847029368500802e+02  4.2846985731077939e+02  4.2846949139217969e+02  4.2846920184675986e+02  4.2846899371233786e+02  4.2846887174452866e+02  4.2846884304953676e+02  4.2846887121664702e+02  4.2846891839159207e+02  4.2846905150894941e+02  4.2846926767650723e+02  4.2846956371293902e+02  4.2846993523164480e+02  4.2847037659818932e+02  4.2847088102824205e+02  4.2847144070904085e+02  4.2847204693005330e+02  4.2847269022274691e+02  4.2847336050981778e+02  4.2847404726319752e+02  4.2847473966934967e+02  4.2847542679983383e+02  4.2847609778476499e+02  4.2847674198655687e+02  4.2847734917119033e+02  4.2847790967416427e+02  4.2847841455828262e+02  4.2847885576048617e+02  4.2847922622506769e+02  4.2847952002080524e+02  4.2847973243980488e+02  4.2847986007616640e+02  4.2847990088295313e+02  4.2847985420636155e+02  4.2847972079642960e+02  4.2847950279408599e+02  4.2847920369481113e+02  4.2847882828964168e+02  4.2847838258468977e+02  4.2847787370075781e+02  4.2847730975499002e+02  4.2847669972681774e+02  4.2847605331070662e+02  4.2847538075840629e+02  4.2847469271353270e+02  4.2847400004138007e+02  4.2847331365687512e+02  4.2847264435355385e+02  4.2847200263638234e+02  4.2847139856118446e+02  4.2847084158342381e+02  4.2847034041920233e+02  4.2846990292168971e+02  4.2846953597675167e+02  4.2846924542064085e+02  4.2846903596805737e+02  4.2846891103678854e+02  4.2846887174452866e+02  4.2846900672114111e+02  4.2846905150894941e+02  4.2846918365704778e+02  4.2846940027170166e+02  4.2846969775542141e+02  4.2847007146256198e+02  4.2847051561082208e+02  4.2847102331817587e+02  4.2847158669353558e+02  4.2847219695414464e+02  4.2847284456000705e+02  4.2847351936122845e+02  4.2847421075568241e+02  4.2847490785469927e+02  4.2847559965438876e+02  4.2847627521004773e+02  4.2847692381094663e+02  4.2847753515267664e+02  4.2847809950417775e+02  4.2847860786656798e+02  4.2847905212095861e+02  4.2847942516257194e+02  4.2847972101867532e+02  4.2847993494810834e+02  4.2848006352049987e+02  4.2848010467364617e+02  4.2848005774793558e+02  4.2847992349715395e+02  4.2847970407546978e+02  4.2847940300087072e+02  4.2847902509578626e+02  4.2847857640607606e+02  4.2847806409997179e+02  4.2847749634892767e+02  4.2847688219264847e+02  4.2847623139081810e+02  4.2847555426424452e+02  4.2847486152826241e+02  4.2847416412130110e+02  4.2847347303152759e+02  4.2847279912442781e+02  4.2847215297408906e+02  4.2847154470080477e+02  4.2847098381741972e+02  4.2847047908649643e+02  4.2847003838965378e+02  4.2846966860842889e+02  4.2846937551001452e+02  4.2846916361358785e+02  4.2846903596805737e+02  4.2846899371233786e+02  4.2846922323902544e+02  4.2846926767650723e+02  4.2846940027170166e+02  4.2846961851124593e+02  4.2846991876364973e+02  4.2847029626090080e+02  4.2847074509633416e+02  4.2847125827216649e+02  4.2847182778565377e+02  4.2847244474192189e+02  4.2847309948599428e+02  4.2847378174945891e+02  4.2847448080855236e+02  4.2847518565091264e+02  4.2847588514834496e+02  4.2847656823288605e+02  4.2847722407335885e+02  4.2847784224952500e+02  4.2847841292090061e+02  4.2847892698730942e+02  4.2847937623831933e+02  4.2847975348884222e+02  4.2848005269838092e+02  4.2848026907167247e+02  4.2848039913880103e+02  4.2848044081323235e+02  4.2848039342664310e+02  4.2848025773986797e+02  4.2848003592976147e+02  4.2847973155224690e+02  4.2847934948229414e+02  4.2847889583201749e+02  4.2847837784849668e+02  4.2847780379329720e+02  4.2847718280598014e+02  4.2847652475415055e+02  4.2847584007278431e+02  4.2847513959569852e+02  4.2847443438209194e+02  4.2847373554107492e+02  4.2847305405704140e+02  4.2847240061860487e+02  4.2847178545361453e+02  4.2847121817245522e+02  4.2847070762132211e+02  4.2847026174623176e+02  4.2846988746672741e+02  4.2846959055485320e+02  4.2846937551001452e+02  4.2846924542064085e+02  4.2846920184675986e+02  4.2846951894914110e+02  4.2846956371293902e+02  4.2846969775542141e+02  4.2846991876364973e+02  4.2847022312948451e+02  4.2847060601550470e+02  4.2847106140636629e+02  4.2847158217782294e+02  4.2847216018970408e+02  4.2847278640071801e+02  4.2847345100145333e+02  4.2847414356220600e+02  4.2847485319264456e+02  4.2847556871052313e+02  4.2847627881668279e+02  4.2847697227352944e+02  4.2847763808409400e+02  4.2847826566871163e+02  4.2847884503632258e+02  4.2847936694741247e+02  4.2847982306568724e+02  4.2848020609571699e+02  4.2848050990398951e+02  4.2848072962108682e+02  4.2848086172302607e+02  4.2848090409019193e+02  4.2848085604271375e+02  4.2848071835160010e+02  4.2848049322542118e+02  4.2848018427281562e+02  4.2847979644157181e+02  4.2847933593549169e+02  4.2847881011066340e+02  4.2847822735314469e+02  4.2847759694038245e+02  4.2847692888894943e+02  4.2847623379137679e+02  4.2847552264498319e+02  4.2847480667565901e+02  4.2847409715955285e+02  4.2847340524552840e+02  4.2847274178111240e+02  4.2847211714443296e+02  4.2847154108432221e+02  4.2847102257029877e+02  4.2847056965348486e+02  4.2847018933863848e+02  4.2846988746672741e+02  4.2846966860842889e+02  4.2846953597675167e+02  4.2846949139217969e+02  4.2846988981031353e+02  4.2846993523164480e+02  4.2847007146256198e+02  4.2847029626090080e+02  4.2847060601550470e+02  4.2847099582122109e+02  4.2847145955124034e+02  4.2847198994085460e+02  4.2847257868866041e+02  4.2847321657597644e+02  4.2847389360296773e+02  4.2847459913917737e+02  4.2847532208592105e+02  4.2847605104788704e+02  4.2847677451119034e+02  4.2847748102502379e+02  4.2847815938395047e+02  4.2847879880780971e+02  4.2847938911617285e+02  4.2847992089430505e+02  4.2848038564766642e+02  4.2848077594213345e+02  4.2848108552732816e+02  4.2848130944072381e+02  4.2848144409052958e+02  4.2848148731574918e+02  4.2848143842224454e+02  4.2848129819410110e+02  4.2848106888008061e+02  4.2848075415544071e+02  4.2848035905988496e+02  4.2847988991287048e+02  4.2847935420793004e+02  4.2847876048804551e+02  4.2847811820443877e+02  4.2847743756140841e+02  4.2847672935003720e+02  4.2847600477372310e+02  4.2847527526853941e+02  4.2847455232141914e+02  4.2847384728907576e+02  4.2847317122042676e+02  4.2847253468507273e+02  4.2847194761010678e+02  4.2847141912718683e+02  4.2847095743143620e+02  4.2847056965348486e+02  4.2847026174623170e+02  4.2847003838965378e+02  4.2846990292168971e+02  4.2846985731077939e+02  4.2847033029590409e+02  4.2847037659818932e+02  4.2847051561082208e+02  4.2847074509633416e+02  4.2847106140636629e+02  4.2847145955124034e+02  4.2847193327862038e+02  4.2847247516531633e+02  4.2847307672508487e+02  4.2847372853309361e+02  4.2847442036616451e+02  4.2847514135703653e+02  4.2847588016041379e+02  4.2847662512828305e+02  4.2847736449178313e+02  4.2847808654674668e+02  4.2847877983991265e+02  4.2847943335271719e+02  4.2848003667953282e+02  4.2848058019724340e+02  4.2848105522312142e+02  4.2848145415812206e+02  4.2848177061292546e+02  4.2848199951433941e+02  4.2848213719002172e+02  4.2848218142987918e+02  4.2848213152294608e+02  4.2848198826902319e+02  4.2848175396485590e+02  4.2848143236513476e+02  4.2848102861909797e+02  4.2848054918398810e+02  4.2848000171705422e+02  4.2847939494817973e+02  4.2847873853555194e+02  4.2847804290705807e+02  4.2847731909029227e+02  4.2847657853418866e+02  4.2847583292535222e+02  4.2847509400214631e+02  4.2847437336951998e+02  4.2847368231741609e+02  4.2847303164541296e+02  4.2847243149601695e+02  4.2847189119877703e+02  4.2847141912718683e+02  4.2847102257029877e+02  4.2847070762132211e+02  4.2847047908649643e+02  4.2847034041920233e+02  4.2847029368500802e+02  4.2847083366838501e+02  4.2847088102824205e+02  4.2847102331817587e+02  4.2847125827216649e+02  4.2847158217782294e+02  4.2847198994085460e+02  4.2847247516531633e+02  4.2847303024980823e+02  4.2847364650023405e+02  4.2847431425901704e+02  4.2847502304982203e+02  4.2847576173615920e+02  4.2847651869176690e+02  4.2847728198032792e+02  4.2847803954181796e+02  4.2847877938258256e+02  4.2847948976609064e+02  4.2848015940120996e+02  4.2848077762480148e+02  4.2848133457544594e+02  4.2848182135519562e+02  4.2848223017639299e+02  4.2848255449082149e+02  4.2848278909874102e+02  4.2848293023571438e+02  4.2848297563554161e+02  4.2848292456807189e+02  4.2848277785115647e+02  4.2848253783651285e+02  4.2848220836978942e+02  4.2848179472562776e+02  4.2848130351900352e+02  4.2848074259457752e+02  4.2848012089618771e+02  4.2847944831895524e+02  4.2847873554675527e+02  4.2847799387800728e+02  4.2847723504287490e+02  4.2847647101502383e+02  4.2847571382107981e+02  4.2847497535085199e+02  4.2847426717126132e+02  4.2847360034673466e+02  4.2847298526862539e+02  4.2847243149601695e+02  4.2847194761010678e+02  4.2847154108432221e+02  4.2847121817245522e+02  4.2847098381741972e+02  4.2847084158342381e+02  4.2847079361344413e+02  4.2847139214478938e+02  4.2847144070904085e+02  4.2847158669353558e+02  4.2847182778565377e+02  4.2847216018970408e+02  4.2847257868866041e+02  4.2847307672508487e+02  4.2847364650023400e+02  4.2847427909080210e+02  4.2847496458255273e+02  4.2847569221963209e+02  4.2847645056787758e+02  4.2847722769001922e+02  4.2847801133033005e+02  4.2847878910600406e+02  4.2847954870231825e+02  4.2848027806846829e+02  4.2848096561085225e+02  4.2848160038052305e+02  4.2848217225154127e+02  4.2848267208703959e+02  4.2848309188996438e+02  4.2848342493568441e+02  4.2848366588395419e+02  4.2848381086808132e+02  4.2848385755956798e+02  4.2848380520696281e+02  4.2848365464816419e+02  4.2848340829593872e+02  4.2848307009694918e+02  4.2848264546510933e+02  4.2848214119057923e+02  4.2848156532617736e+02  4.2848092705339616e+02  4.2848023653055986e+02  4.2847950472594721e+02  4.2847874323891540e+02  4.2847796411219798e+02  4.2847717963861447e+02  4.2847640216542459e+02  4.2847564389948985e+02  4.2847491671628120e+02  4.2847423197560596e+02  4.2847360034673466e+02  4.2847303164541296e+02  4.2847253468507273e+02  4.2847211714443296e+02  4.2847178545361453e+02  4.2847154470080477e+02  4.2847139856118446e+02  4.2847134924886166e+02  4.2847199703959308e+02  4.2847204693005330e+02  4.2847219695414464e+02  4.2847244474192189e+02  4.2847278640071801e+02  4.2847321657597644e+02  4.2847372853309355e+02  4.2847431425901698e+02  4.2847496458255273e+02  4.2847566931222394e+02  4.2847641739023027e+02  4.2847719706069506e+02  4.2847799605003092e+02  4.2847880175693120e+02  4.2847960144921512e+02  4.2848038246452427e+02  4.2848113241168858e+02  4.2848183936945850e+02  4.2848249207923806e+02  4.2848308012846445e+02  4.2848359412135750e+02  4.2848402583392050e+02  4.2848436835030367e+02  4.2848461617794624e+02  4.2848476533928596e+02  4.2848481343825506e+02  4.2848475970026328e+02  4.2848460498488498e+02  4.2848435177100669e+02  4.2848400411473540e+02  4.2848356758090733e+02  4.2848304914954525e+02  4.2848245709909133e+02  4.2848180086866074e+02  4.2848109090192816e+02  4.2848033847554836e+02  4.2847955551523455e+02  4.2847875440275897e+02  4.2847794777721015e+02  4.2847714833383827e+02  4.2847636862375208e+02  4.2847562085760995e+02  4.2847491671628120e+02  4.2847426717126132e+02  4.2847368231741609e+02  4.2847317122042676e+02  4.2847274178111240e+02  4.2847240061860487e+02  4.2847215297408906e+02  4.2847200263638234e+02  4.2847195188989338e+02  4.2847263890824468e+02  4.2847269022274691e+02  4.2847284456000705e+02  4.2847309948599428e+02  4.2847345100145333e+02  4.2847389360296773e+02  4.2847442036616451e+02  4.2847502304982203e+02  4.2847569221963209e+02  4.2847641739023027e+02  4.2847718718385624e+02  4.2847798950370293e+02  4.2847881171969061e+02  4.2847964086409769e+02  4.2848046383420393e+02  4.2848126759886748e+02  4.2848203940577298e+02  4.2848276698595879e+02  4.2848343875216796e+02  4.2848404398757390e+02  4.2848457302151269e+02  4.2848501738901342e+02  4.2848536997115446e+02  4.2848562511358728e+02  4.2848577872094955e+02  4.2848582832533634e+02  4.2848577312748876e+02  4.2848561400989388e+02  4.2848535352154317e+02  4.2848499583465798e+02  4.2848454667424244e+02  4.2848401322185316e+02  4.2848340399546083e+02  4.2848272870771785e+02  4.2848199810531611e+02  4.2848122379242386e+02  4.2848041804141621e+02  4.2847959359426221e+02  4.2847876345800415e+02  4.2847794069776319e+02  4.2847713823063970e+02  4.2847636862375208e+02  4.2847564389948985e+02  4.2847497535085199e+02  4.2847437336952004e+02  4.2847384728907582e+02  4.2847340524552840e+02  4.2847305405704140e+02  4.2847279912442781e+02  4.2847264435355385e+02  4.2847259210025260e+02  4.2847330769758878e+02  4.2847336050981778e+02  4.2847351936122845e+02  4.2847378174945891e+02  4.2847414356220600e+02  4.2847459913917737e+02  4.2847514135703653e+02  4.2847576173615920e+02  4.2847645056787758e+02  4.2847719706069506e+02  4.2847798950370293e+02  4.2847881544514200e+02  4.2847966188374778e+02  4.2848051547022283e+02  4.2848136271590658e+02  4.2848219020547788e+02  4.2848298481033589e+02  4.2848373389917361e+02  4.2848442554219145e+02  4.2848504870540307e+02  4.2848559343156853e+02  4.2848605100445326e+02  4.2848641409335363e+02  4.2848667687515137e+02  4.2848683513155271e+02  4.2848688631962352e+02  4.2848682961424180e+02  4.2848666592163352e+02  4.2848639786373218e+02  4.2848602973367639e+02  4.2848556742333113e+02  4.2848501832426058e+02  4.2848439120408301e+02  4.2848369606058816e+02  4.2848294395638146e+02  4.2848214683713195e+02  4.2848131733673421e+02  4.2848046857285027e+02  4.2847961393636950e+02  4.2847876687832849e+02  4.2847794069776319e+02  4.2847714833383827e+02  4.2847640216542464e+02  4.2847571382107981e+02  4.2847509400214636e+02  4.2847455232141914e+02  4.2847409715955291e+02  4.2847373554107497e+02  4.2847347303152759e+02  4.2847331365687512e+02  4.2847325984588576e+02  4.2847399290417263e+02  4.2847404726319752e+02  4.2847421075568241e+02  4.2847448080855236e+02  4.2847485319264456e+02  4.2847532208592105e+02  4.2847588016041379e+02  4.2847651869176690e+02  4.2847722769001922e+02  4.2847799605003092e+02  4.2847881171969061e+02  4.2847966188374778e+02  4.2848053316081592e+02  4.2848141181079797e+02  4.2848228394971363e+02  4.2848313576867037e+02  4.2848395375352726e+02  4.2848472490166728e+02  4.2848543693222285e+02  4.2848607848610618e+02  4.2848663931227935e+02  4.2848711043686603e+02  4.2848748431195656e+02  4.2848775494128876e+02  4.2848791798038974e+02  4.2848797080923453e+02  4.2848791257599993e+02  4.2848774421105543e+02  4.2848746841091975e+02  4.2848708959250757e+02  4.2848661381857477e+02  4.2848604869583136e+02  4.2848540324770801e+02  4.2848468776422584e+02  4.2848391363181469e+02  4.2848309314624737e+02  4.2848223931209895e+02  4.2848136563229900e+02  4.2848048589142280e+02  4.2847961393636950e+02  4.2847876345800415e+02  4.2847794777721015e+02  4.2847717963861447e+02  4.2847647101502389e+02  4.2847583292535222e+02  4.2847527526853941e+02  4.2847480667565901e+02  4.2847443438209200e+02  4.2847416412130110e+02  4.2847400004138007e+02  4.2847394464518590e+02  4.2847468373948277e+02  4.2847473966934967e+02  4.2847490785469927e+02  4.2847518565091264e+02  4.2847556871052313e+02  4.2847605104788704e+02  4.2847662512828305e+02  4.2847728198032792e+02  4.2847801133033005e+02  4.2847880175693120e+02  4.2847964086409769e+02  4.2848051547022283e+02  4.2848141181079797e+02  4.2848231575181450e+02  4.2848321301078283e+02  4.2848408938201476e+02  4.2848493096261927e+02  4.2848572437552525e+02  4.2848645698577280e+02  4.2848711710632114e+02  4.2848769418970551e+02  4.2848817900204983e+02  4.2848856377619501e+02  4.2848884234104389e+02  4.2848901022463843e+02  4.2848906472896783e+02  4.2848900497504314e+02  4.2848883191735422e+02  4.2848854832742899e+02  4.2848815874682509e+02  4.2848766941048927e+02  4.2848708814199233e+02  4.2848642422268318e+02  4.2848568823728016e+02  4.2848489189882685e+02  4.2848404785627093e+02  4.2848316948817398e+02  4.2848227068622333e+02  4.2848136563229900e+02  4.2848046857285027e+02  4.2847959359426221e+02  4.2847875440275897e+02  4.2847796411219804e+02  4.2847723504287490e+02  4.2847657853418872e+02  4.2847600477372310e+02  4.2847552264498319e+02  4.2847513959569852e+02  4.2847486152826247e+02  4.2847469271353276e+02  4.2847463572888120e+02  4.2847536930028849e+02  4.2847542679983383e+02  4.2847559965438876e+02  4.2847588514834496e+02  4.2847627881668279e+02  4.2847677451119034e+02  4.2847736449178313e+02  4.2847803954181796e+02  4.2847878910600406e+02  4.2847960144921512e+02  4.2848046383420393e+02  4.2848136271590658e+02  4.2848228394971363e+02  4.2848321301078283e+02  4.2848413522118909e+02  4.2848503598146158e+02  4.2848590100286003e+02  4.2848671653660011e+02  4.2848746959616693e+02  4.2848814816886073e+02  4.2848874141280737e+02  4.2848923983584075e+02  4.2848963545293009e+02  4.2848992191917000e+02  4.2849009463577994e+02  4.2849015082705432e+02  4.2849008958675722e+02  4.2848991189305127e+02  4.2848962059167025e+02  4.2848922034767435e+02  4.2848871756674589e+02  4.2848812028757538e+02  4.2848743804743572e+02  4.2848668172353177e+02  4.2848586335313371e+02  4.2848499593584285e+02  4.2848409322159472e+02  4.2848316948817398e+02  4.2848223931209895e+02  4.2848131733673421e+02  4.2848041804141621e+02  4.2847955551523461e+02  4.2847874323891546e+02  4.2847799387800734e+02  4.2847731909029233e+02  4.2847672935003720e+02  4.2847623379137684e+02  4.2847584007278431e+02  4.2847555426424452e+02  4.2847538075840635e+02  4.2847532220666420e+02  4.2847603874180021e+02  4.2847609778476499e+02  4.2847627521004773e+02  4.2847656823288605e+02  4.2847697227352944e+02  4.2847748102502379e+02  4.2847808654674668e+02  4.2847877938258256e+02  4.2847954870231825e+02  4.2848038246452427e+02  4.2848126759886748e+02  4.2848219020547788e+02  4.2848313576867037e+02  4.2848408938201476e+02  4.2848503598146158e+02  4.2848596058298023e+02  4.2848684852096409e+02  4.2848768568351278e+02  4.2848845874062903e+02  4.2848915536137179e+02  4.2848976441609983e+02  4.2849027616011830e+02  4.2849068239531152e+02  4.2849097660670259e+02  4.2849115407131558e+02  4.2849121193722806e+02  4.2849114927126459e+02  4.2849096707439628e+02  4.2849066826454566e+02  4.2849025762714308e+02  4.2848974173441565e+02  4.2848912883499804e+02  4.2848842871601659e+02  4.2848765254030161e+02  4.2848681266181433e+02  4.2848592242272503e+02  4.2848499593584285e+02  4.2848404785627093e+02  4.2848309314624737e+02  4.2848214683713195e+02  4.2848122379242386e+02  4.2848033847554842e+02  4.2847950472594721e+02  4.2847873554675527e+02  4.2847804290705807e+02  4.2847743756140841e+02  4.2847692888894943e+02  4.2847652475415060e+02  4.2847623139081810e+02  4.2847605331070662e+02  4.2847599323772982e+02  4.2847668145107372e+02  4.2847674198655687e+02  4.2847692381094663e+02  4.2847722407335885e+02  4.2847763808409400e+02  4.2847815938395047e+02  4.2847877983991265e+02  4.2847948976609064e+02  4.2848027806846824e+02  4.2848113241168858e+02  4.2848203940577298e+02  4.2848298481033589e+02  4.2848395375352726e+02  4.2848493096261927e+02  4.2848590100286003e+02  4.2848684852096409e+02  4.2848775848939835e+02  4.2848861644748001e+02  4.2848940873522349e+02  4.2849012271588242e+02  4.2849074698322357e+02  4.2849127154975508e+02  4.2849168801240648e+02  4.2849198969252461e+02  4.2849217174749583e+02  4.2849223125182704e+02  4.2849216724609812e+02  4.2849198075282385e+02  4.2849167475891642e+02  4.2849125416510020e+02  4.2849072570328320e+02  4.2849009782351118e+02  4.2848938055270702e+02  4.2848858532791547e+02  4.2848772480721465e+02  4.2848681266181433e+02  4.2848586335313371e+02  4.2848489189882685e+02  4.2848391363181469e+02  4.2848294395638152e+02  4.2848199810531617e+02  4.2848109090192816e+02  4.2848023653055986e+02  4.2847944831895524e+02  4.2847873853555194e+02  4.2847811820443883e+02  4.2847759694038245e+02  4.2847718280598014e+02  4.2847688219264847e+02  4.2847669972681780e+02  4.2847663820237130e+02  4.2847728721792100e+02  4.2847734917119033e+02  4.2847753515267658e+02  4.2847784224952500e+02  4.2847826566871163e+02  4.2847879880780971e+02  4.2847943335271719e+02  4.2848015940120996e+02  4.2848096561085225e+02  4.2848183936945850e+02  4.2848276698595879e+02  4.2848373389917361e+02  4.2848472490166728e+02  4.2848572437552525e+02  4.2848671653660011e+02  4.2848768568351278e+02  4.2848861644748001e+02  4.2848949403889321e+02  4.2849030448649432e+02  4.2849103486500144e+02  4.2849167350713122e+02  4.2849221019615362e+02  4.2849263633539675e+02  4.2849294509149217e+02  4.2849313150861047e+02  4.2849319259146642e+02  4.2849312735546994e+02  4.2849293684303626e+02  4.2849262410573698e+02  4.2849219415265026e+02  4.2849165386593444e+02  4.2849101188528624e+02  4.2849027846353516e+02  4.2848946529615370e+02  4.2848858532791547e+02  4.2848765254030161e+02  4.2848668172353177e+02  4.2848568823728016e+02  4.2848468776422590e+02  4.2848369606058822e+02  4.2848272870771791e+02  4.2848180086866080e+02  4.2848092705339621e+02  4.2848012089618771e+02  4.2847939494817973e+02  4.2847876048804551e+02  4.2847822735314469e+02  4.2847780379329726e+02  4.2847749634892773e+02  4.2847730975499007e+02  4.2847724687174588e+02  4.2847784640050202e+02  4.2847790967416427e+02  4.2847809950417775e+02  4.2847841292090061e+02  4.2847884503632258e+02  4.2847938911617285e+02  4.2848003667953282e+02  4.2848077762480148e+02  4.2848160038052305e+02  4.2848249207923806e+02  4.2848343875216796e+02  4.2848442554219145e+02  4.2848543693222285e+02  4.2848645698577280e+02  4.2848746959616693e+02  4.2848845874062903e+02  4.2848940873522349e+02  4.2849030448649432e+02  4.2849113173556333e+02  4.2849187729045434e+02  4.2849252924250624e+02  4.2849307716293117e+02  4.2849351227586072e+02  4.2849382760460338e+02  4.2849401808830470e+02  4.2849408066674283e+02  4.2849401433159937e+02  4.2849382014319633e+02  4.2849350121237359e+02  4.2849306264786770e+02  4.2849251147023728e+02  4.2849185649402682e+02  4.2849110818046540e+02  4.2849027846353516e+02  4.2848938055270702e+02  4.2848842871601659e+02  4.2848743804743572e+02  4.2848642422268318e+02  4.2848540324770801e+02  4.2848439120408301e+02  4.2848340399546083e+02  4.2848245709909133e+02  4.2848156532617736e+02  4.2848074259457758e+02  4.2848000171705428e+02  4.2847935420793004e+02  4.2847881011066340e+02  4.2847837784849673e+02  4.2847806409997185e+02  4.2847787370075787e+02  4.2847780957289581e+02  4.2847835008275962e+02  4.2847841455828262e+02  4.2847860786656798e+02  4.2847892698730942e+02  4.2847936694741247e+02  4.2847992089430505e+02  4.2848058019724340e+02  4.2848133457544594e+02  4.2848217225154127e+02  4.2848308012846445e+02  4.2848404398757390e+02  4.2848504870540307e+02  4.2848607848610618e+02  4.2848711710632114e+02  4.2848814816886073e+02  4.2848915536137179e+02  4.2849012271588242e+02  4.2849103486500144e+02  4.2849187729045434e+02  4.2849263655964586e+02  4.2849330054603661e+02  4.2849385862931825e+02  4.2849430187166126e+02  4.2849462316669957e+02  4.2849481735838918e+02  4.2849488132743164e+02  4.2849481404356874e+02  4.2849461658272008e+02  4.2849429210862780e+02  4.2849384581937500e+02  4.2849328485983818e+02  4.2849261820179578e+02  4.2849185649402682e+02  4.2849101188528624e+02  4.2849009782351118e+02  4.2848912883499804e+02  4.2848812028757538e+02  4.2848708814199233e+02  4.2848604869583136e+02  4.2848501832426058e+02  4.2848401322185316e+02  4.2848304914954531e+02  4.2848214119057928e+02  4.2848130351900357e+02  4.2848054918398816e+02  4.2847988991287053e+02  4.2847933593549175e+02  4.2847889583201749e+02  4.2847857640607612e+02  4.2847838258468983e+02  4.2847831734612998e+02  4.2847879022091621e+02  4.2847885576048617e+02  4.2847905212095861e+02  4.2847937623831933e+02  4.2847982306568724e+02  4.2848038564766642e+02  4.2848105522312142e+02  4.2848182135519562e+02  4.2848267208703959e+02  4.2848359412135750e+02  4.2848457302151269e+02  4.2848559343156853e+02  4.2848663931227935e+02  4.2848769418970551e+02  4.2848874141280737e+02  4.2848976441609983e+02  4.2849074698322357e+02  4.2849167350713122e+02  4.2849252924250624e+02  4.2849330054603661e+02  4.2849397510026529e+02  4.2849454211693745e+02  4.2849499251606062e+02  4.2849531907728766e+02  4.2849551656071361e+02  4.2849558179473854e+02  4.2849551372927556e+02  4.2849531345325522e+02  4.2849498417608442e+02  4.2849453117342836e+02  4.2849396169839082e+02  4.2849328485983818e+02  4.2849251147023728e+02  4.2849165386593444e+02  4.2849072570328320e+02  4.2848974173441565e+02  4.2848871756674589e+02  4.2848766941048927e+02  4.2848661381857477e+02  4.2848556742333113e+02  4.2848454667424249e+02  4.2848356758090733e+02  4.2848264546510939e+02  4.2848179472562782e+02  4.2848102861909797e+02  4.2848035905988496e+02  4.2847979644157181e+02  4.2847934948229414e+02  4.2847902509578631e+02  4.2847882828964174e+02  4.2847876209194067e+02  4.2847915977637848e+02  4.2847922622506769e+02  4.2847942516257194e+02  4.2847975348884222e+02  4.2848020609571699e+02  4.2848077594213345e+02  4.2848145415812206e+02  4.2848223017639299e+02  4.2848309188996438e+02  4.2848402583392050e+02  4.2848501738901342e+02  4.2848605100445326e+02  4.2848711043686603e+02  4.2848817900204983e+02  4.2848923983584075e+02  4.2849027616011830e+02  4.2849127154975508e+02  4.2849221019615362e+02  4.2849307716293117e+02  4.2849385862931825e+02  4.2849454211693745e+02  4.2849511669582853e+02  4.2849557316588653e+02  4.2849590421027648e+02  4.2849610451787709e+02  4.2849617087237351e+02  4.2849610220625237e+02  4.2849589961863529e+02  4.2849556635660127e+02  4.2849510776036965e+02  4.2849453117342836e+02  4.2849384581937500e+02  4.2849306264786770e+02  4.2849219415265026e+02  4.2849125416510020e+02  4.2849025762714308e+02  4.2848922034767435e+02  4.2848815874682515e+02  4.2848708959250757e+02  4.2848602973367645e+02  4.2848499583465798e+02  4.2848400411473546e+02  4.2848307009694923e+02  4.2848220836978948e+02  4.2848143236513482e+02  4.2848075415544076e+02  4.2848018427281562e+02  4.2847973155224690e+02  4.2847940300087078e+02  4.2847920369481119e+02  4.2847913670475913e+02  4.2847945283258997e+02  4.2847952002080524e+02  4.2847972101867532e+02  4.2848005269838092e+02  4.2848050990398951e+02  4.2848108552732816e+02  4.2848177061292546e+02  4.2848255449082149e+02  4.2848342493568441e+02  4.2848436835030367e+02  4.2848536997115446e+02  4.2848641409335363e+02  4.2848748431195656e+02  4.2848856377619501e+02  4.2848963545293009e+02  4.2849068239531152e+02  4.2849168801240648e+02  4.2849263633539675e+02  4.2849351227586072e+02  4.2849430187166126e+02  4.2849499251606062e+02  4.2849557316588653e+02  4.2849603452487594e+02  4.2849636919872307e+02  4.2849657181885351e+02  4.2849663913251658e+02  4.2849657005743018e+02  4.2849636569990054e+02  4.2849602933606087e+02  4.2849556635660127e+02  4.2849498417608442e+02  4.2849429210862786e+02  4.2849350121237359e+02  4.2849262410573698e+02  4.2849167475891642e+02  4.2849066826454566e+02  4.2848962059167030e+02  4.2848854832742904e+02  4.2848746841091980e+02  4.2848639786373224e+02  4.2848535352154323e+02  4.2848435177100674e+02  4.2848340829593877e+02  4.2848253783651290e+02  4.2848175396485595e+02  4.2848106888008067e+02  4.2848049322542124e+02  4.2848003592976153e+02  4.2847970407546984e+02  4.2847950279408605e+02  4.2847943519104587e+02  4.2847966469363109e+02  4.2847973243980488e+02  4.2847993494810834e+02  4.2848026907167252e+02  4.2848072962108682e+02  4.2848130944072381e+02  4.2848199951433941e+02  4.2848278909874097e+02  4.2848366588395419e+02  4.2848461617794624e+02  4.2848562511358728e+02  4.2848667687515137e+02  4.2848775494128876e+02  4.2848884234104389e+02  4.2848992191917000e+02  4.2849097660670259e+02  4.2849198969252461e+02  4.2849294509149217e+02  4.2849382760460338e+02  4.2849462316669957e+02  4.2849531907728766e+02  4.2849590421027648e+02  4.2849636919872307e+02  4.2849670659109097e+02  4.2849691097601595e+02  4.2849697907315351e+02  4.2849690978832575e+02  4.2849670423188053e+02  4.2849636569990054e+02  4.2849589961863529e+02  4.2849531345325528e+02  4.2849461658272008e+02  4.2849382014319639e+02  4.2849293684303626e+02  4.2849198075282391e+02  4.2849096707439628e+02  4.2848991189305133e+02  4.2848883191735428e+02  4.2848774421105549e+02  4.2848666592163357e+02  4.2848561400989394e+02  4.2848460498488504e+02  4.2848365464816425e+02  4.2848277785115653e+02  4.2848198826902319e+02  4.2848129819410116e+02  4.2848071835160016e+02  4.2848025773986802e+02  4.2847992349715395e+02  4.2847972079642960e+02  4.2847965276946485e+02  4.2847979196268392e+02  4.2847986007616640e+02  4.2848006352049987e+02  4.2848039913880103e+02  4.2848086172302607e+02  4.2848144409052958e+02  4.2848213719002172e+02  4.2848293023571438e+02  4.2848381086808132e+02  4.2848476533928596e+02  4.2848577872094955e+02  4.2848683513155271e+02  4.2848791798038974e+02  4.2848901022463843e+02  4.2849009463577994e+02  4.2849115407131558e+02  4.2849217174749583e+02  4.2849313150861047e+02  4.2849401808830470e+02  4.2849481735838918e+02  4.2849551656071361e+02  4.2849610451787709e+02  4.2849657181885351e+02  4.2849691097601595e+02  4.2849711655054142e+02  4.2849718524375623e+02  4.2849711595263045e+02  4.2849690978832575e+02  4.2849657005743018e+02  4.2849610220625237e+02  4.2849551372927556e+02  4.2849481404356874e+02  4.2849401433159937e+02  4.2849312735546994e+02  4.2849216724609812e+02  4.2849114927126459e+02  4.2849008958675722e+02  4.2848900497504320e+02  4.2848791257599999e+02  4.2848682961424186e+02  4.2848577312748881e+02  4.2848475970026334e+02  4.2848380520696287e+02  4.2848292456807195e+02  4.2848213152294608e+02  4.2848143842224459e+02  4.2848085604271381e+02  4.2848039342664316e+02  4.2848005774793558e+02  4.2847985420636161e+02  4.2847978595120128e+02  4.2847983259884711e+02  4.2847990088295313e+02  4.2848010467364617e+02  4.2848044081323235e+02  4.2848090409019193e+02  4.2848148731574912e+02  4.2848218142987912e+02  4.2848297563554161e+02  4.2848385755956798e+02  4.2848481343825506e+02  4.2848582832533634e+02  4.2848688631962352e+02  4.2848797080923453e+02  4.2848906472896783e+02  4.2849015082705432e+02  4.2849121193722806e+02  4.2849223125182704e+02  4.2849319259146642e+02  4.2849408066674283e+02  4.2849488132743164e+02  4.2849558179473854e+02  4.2849617087237351e+02  4.2849663913251658e+02  4.2849697907315351e+02  4.2849718524375623e+02  4.2849725433686223e+02  4.2849718524375623e+02  4.2849697907315351e+02  4.2849663913251658e+02  4.2849617087237351e+02  4.2849558179473854e+02  4.2849488132743164e+02  4.2849408066674289e+02  4.2849319259146642e+02  4.2849223125182709e+02  4.2849121193722812e+02  4.2849015082705438e+02  4.2848906472896789e+02  4.2848797080923458e+02  4.2848688631962358e+02  4.2848582832533640e+02  4.2848481343825512e+02  4.2848385755956804e+02  4.2848297563554166e+02  4.2848218142987923e+02  4.2848148731574918e+02  4.2848090409019198e+02  4.2848044081323241e+02  4.2848010467364622e+02  4.2847990088295319e+02  4.2847983259884717e+02  4.2847978595120122e+02  4.2847985420636155e+02  4.2848005774793558e+02  4.2848039342664310e+02  4.2848085604271375e+02  4.2848143842224454e+02  4.2848213152294602e+02  4.2848292456807189e+02  4.2848380520696281e+02  4.2848475970026328e+02  4.2848577312748876e+02  4.2848682961424180e+02  4.2848791257599993e+02  4.2848900497504314e+02  4.2849008958675722e+02  4.2849114927126459e+02  4.2849216724609812e+02  4.2849312735546994e+02  4.2849401433159932e+02  4.2849481404356868e+02  4.2849551372927556e+02  4.2849610220625237e+02  4.2849657005743018e+02  4.2849690978832575e+02  4.2849711595263045e+02  4.2849718524375623e+02  4.2849711655054142e+02  4.2849691097601595e+02  4.2849657181885351e+02  4.2849610451787709e+02  4.2849551656071361e+02  4.2849481735838918e+02  4.2849401808830470e+02  4.2849313150861047e+02  4.2849217174749589e+02  4.2849115407131563e+02  4.2849009463578000e+02  4.2848901022463849e+02  4.2848791798038980e+02  4.2848683513155277e+02  4.2848577872094961e+02  4.2848476533928601e+02  4.2848381086808138e+02  4.2848293023571443e+02  4.2848213719002177e+02  4.2848144409052964e+02  4.2848086172302612e+02  4.2848039913880109e+02  4.2848006352049993e+02  4.2847986007616646e+02  4.2847979196268398e+02  4.2847965276946479e+02  4.2847972079642955e+02  4.2847992349715389e+02  4.2848025773986797e+02  4.2848071835160010e+02  4.2848129819410110e+02  4.2848198826902313e+02  4.2848277785115647e+02  4.2848365464816419e+02  4.2848460498488498e+02  4.2848561400989388e+02  4.2848666592163352e+02  4.2848774421105543e+02  4.2848883191735422e+02  4.2848991189305127e+02  4.2849096707439628e+02  4.2849198075282385e+02  4.2849293684303626e+02  4.2849382014319633e+02  4.2849461658272008e+02  4.2849531345325522e+02  4.2849589961863529e+02  4.2849636569990054e+02  4.2849670423188053e+02  4.2849690978832575e+02  4.2849697907315351e+02  4.2849691097601595e+02  4.2849670659109097e+02  4.2849636919872307e+02  4.2849590421027648e+02  4.2849531907728766e+02  4.2849462316669957e+02  4.2849382760460338e+02  4.2849294509149223e+02  4.2849198969252467e+02  4.2849097660670265e+02  4.2848992191917006e+02  4.2848884234104395e+02  4.2848775494128881e+02  4.2848667687515143e+02  4.2848562511358733e+02  4.2848461617794629e+02  4.2848366588395425e+02  4.2848278909874108e+02  4.2848199951433946e+02  4.2848130944072386e+02  4.2848072962108688e+02  4.2848026907167252e+02  4.2847993494810839e+02  4.2847973243980493e+02  4.2847966469363115e+02  4.2847943519104581e+02  4.2847950279408599e+02  4.2847970407546978e+02  4.2848003592976147e+02  4.2848049322542118e+02  4.2848106888008061e+02  4.2848175396485590e+02  4.2848253783651285e+02  4.2848340829593872e+02  4.2848435177100669e+02  4.2848535352154317e+02  4.2848639786373218e+02  4.2848746841091975e+02  4.2848854832742899e+02  4.2848962059167025e+02  4.2849066826454566e+02  4.2849167475891642e+02  4.2849262410573698e+02  4.2849350121237353e+02  4.2849429210862780e+02  4.2849498417608442e+02  4.2849556635660127e+02  4.2849602933606087e+02  4.2849636569990054e+02  4.2849657005743018e+02  4.2849663913251658e+02  4.2849657181885351e+02  4.2849636919872307e+02  4.2849603452487594e+02  4.2849557316588658e+02  4.2849499251606062e+02  4.2849430187166126e+02  4.2849351227586078e+02  4.2849263633539681e+02  4.2849168801240654e+02  4.2849068239531158e+02  4.2848963545293014e+02  4.2848856377619512e+02  4.2848748431195662e+02  4.2848641409335374e+02  4.2848536997115457e+02  4.2848436835030373e+02  4.2848342493568447e+02  4.2848255449082154e+02  4.2848177061292552e+02  4.2848108552732822e+02  4.2848050990398957e+02  4.2848005269838097e+02  4.2847972101867538e+02  4.2847952002080530e+02  4.2847945283259003e+02  4.2847913670475907e+02  4.2847920369481113e+02  4.2847940300087072e+02  4.2847973155224685e+02  4.2848018427281556e+02  4.2848075415544071e+02  4.2848143236513476e+02  4.2848220836978942e+02  4.2848307009694918e+02  4.2848400411473540e+02  4.2848499583465798e+02  4.2848602973367639e+02  4.2848708959250757e+02  4.2848815874682509e+02  4.2848922034767435e+02  4.2849025762714308e+02  4.2849125416510014e+02  4.2849219415265026e+02  4.2849306264786765e+02  4.2849384581937500e+02  4.2849453117342836e+02  4.2849510776036965e+02  4.2849556635660127e+02  4.2849589961863529e+02  4.2849610220625237e+02  4.2849617087237351e+02  4.2849610451787709e+02  4.2849590421027648e+02  4.2849557316588658e+02  4.2849511669582853e+02  4.2849454211693745e+02  4.2849385862931831e+02  4.2849307716293123e+02  4.2849221019615368e+02  4.2849127154975514e+02  4.2849027616011836e+02  4.2848923983584081e+02  4.2848817900204995e+02  4.2848711043686609e+02  4.2848605100445337e+02  4.2848501738901348e+02  4.2848402583392061e+02  4.2848309188996444e+02  4.2848223017639305e+02  4.2848145415812218e+02  4.2848077594213350e+02  4.2848020609571705e+02  4.2847975348884228e+02  4.2847942516257200e+02  4.2847922622506775e+02  4.2847915977637854e+02  4.2847876209194061e+02  4.2847882828964168e+02  4.2847902509578626e+02  4.2847934948229408e+02  4.2847979644157175e+02  4.2848035905988490e+02  4.2848102861909791e+02  4.2848179472562776e+02  4.2848264546510933e+02  4.2848356758090728e+02  4.2848454667424244e+02  4.2848556742333113e+02  4.2848661381857477e+02  4.2848766941048927e+02  4.2848871756674589e+02  4.2848974173441565e+02  4.2849072570328320e+02  4.2849165386593444e+02  4.2849251147023728e+02  4.2849328485983818e+02  4.2849396169839082e+02  4.2849453117342836e+02  4.2849498417608442e+02  4.2849531345325528e+02  4.2849551372927556e+02  4.2849558179473854e+02  4.2849551656071361e+02  4.2849531907728766e+02  4.2849499251606062e+02  4.2849454211693745e+02  4.2849397510026535e+02  4.2849330054603666e+02  4.2849252924250629e+02  4.2849167350713128e+02  4.2849074698322363e+02  4.2848976441609994e+02  4.2848874141280743e+02  4.2848769418970556e+02  4.2848663931227946e+02  4.2848559343156859e+02  4.2848457302151280e+02  4.2848359412135756e+02  4.2848267208703965e+02  4.2848182135519568e+02  4.2848105522312153e+02  4.2848038564766648e+02  4.2847982306568736e+02  4.2847937623831939e+02  4.2847905212095867e+02  4.2847885576048623e+02  4.2847879022091627e+02  4.2847831734612993e+02  4.2847838258468977e+02  4.2847857640607606e+02  4.2847889583201743e+02  4.2847933593549169e+02  4.2847988991287048e+02  4.2848054918398810e+02  4.2848130351900352e+02  4.2848214119057923e+02  4.2848304914954525e+02  4.2848401322185310e+02  4.2848501832426058e+02  4.2848604869583136e+02  4.2848708814199233e+02  4.2848812028757538e+02  4.2848912883499804e+02  4.2849009782351118e+02  4.2849101188528624e+02  4.2849185649402682e+02  4.2849261820179578e+02  4.2849328485983818e+02  4.2849384581937500e+02  4.2849429210862786e+02  4.2849461658272008e+02  4.2849481404356874e+02  4.2849488132743164e+02  4.2849481735838918e+02  4.2849462316669957e+02  4.2849430187166126e+02  4.2849385862931831e+02  4.2849330054603666e+02  4.2849263655964592e+02  4.2849187729045440e+02  4.2849103486500150e+02  4.2849012271588248e+02  4.2848915536137190e+02  4.2848814816886085e+02  4.2848711710632125e+02  4.2848607848610624e+02  4.2848504870540313e+02  4.2848404398757401e+02  4.2848308012846456e+02  4.2848217225154139e+02  4.2848133457544600e+02  4.2848058019724351e+02  4.2847992089430511e+02  4.2847936694741253e+02  4.2847892698730953e+02  4.2847860786656804e+02  4.2847841455828268e+02  4.2847835008275968e+02  4.2847780957289575e+02  4.2847787370075781e+02  4.2847806409997179e+02  4.2847837784849668e+02  4.2847881011066335e+02  4.2847935420792999e+02  4.2848000171705422e+02  4.2848074259457752e+02  4.2848156532617730e+02  4.2848245709909128e+02  4.2848340399546083e+02  4.2848439120408301e+02  4.2848540324770801e+02  4.2848642422268318e+02  4.2848743804743572e+02  4.2848842871601659e+02  4.2848938055270702e+02  4.2849027846353516e+02  4.2849110818046540e+02  4.2849185649402682e+02  4.2849251147023728e+02  4.2849306264786770e+02  4.2849350121237359e+02  4.2849382014319639e+02  4.2849401433159937e+02  4.2849408066674289e+02  4.2849401808830470e+02  4.2849382760460338e+02  4.2849351227586078e+02  4.2849307716293123e+02  4.2849252924250629e+02  4.2849187729045440e+02  4.2849113173556339e+02  4.2849030448649438e+02  4.2848940873522355e+02  4.2848845874062908e+02  4.2848746959616699e+02  4.2848645698577292e+02  4.2848543693222291e+02  4.2848442554219156e+02  4.2848343875216807e+02  4.2848249207923817e+02  4.2848160038052316e+02  4.2848077762480153e+02  4.2848003667953287e+02  4.2847938911617297e+02  4.2847884503632270e+02  4.2847841292090067e+02  4.2847809950417781e+02  4.2847790967416432e+02  4.2847784640050207e+02  4.2847724687174582e+02  4.2847730975499002e+02  4.2847749634892767e+02  4.2847780379329720e+02  4.2847822735314463e+02  4.2847876048804545e+02  4.2847939494817967e+02  4.2848012089618766e+02  4.2848092705339616e+02  4.2848180086866074e+02  4.2848272870771785e+02  4.2848369606058816e+02  4.2848468776422584e+02  4.2848568823728016e+02  4.2848668172353177e+02  4.2848765254030161e+02  4.2848858532791547e+02  4.2848946529615370e+02  4.2849027846353516e+02  4.2849101188528624e+02  4.2849165386593444e+02  4.2849219415265026e+02  4.2849262410573698e+02  4.2849293684303626e+02  4.2849312735546994e+02  4.2849319259146642e+02  4.2849313150861047e+02  4.2849294509149223e+02  4.2849263633539681e+02  4.2849221019615368e+02  4.2849167350713128e+02  4.2849103486500150e+02  4.2849030448649438e+02  4.2848949403889327e+02  4.2848861644748007e+02  4.2848768568351284e+02  4.2848671653660017e+02  4.2848572437552531e+02  4.2848472490166739e+02  4.2848373389917367e+02  4.2848276698595890e+02  4.2848183936945861e+02  4.2848096561085231e+02  4.2848015940121007e+02  4.2847943335271731e+02  4.2847879880780982e+02  4.2847826566871174e+02  4.2847784224952511e+02  4.2847753515267669e+02  4.2847734917119038e+02  4.2847728721792106e+02  4.2847663820237125e+02  4.2847669972681774e+02  4.2847688219264842e+02  4.2847718280598008e+02  4.2847759694038240e+02  4.2847811820443877e+02  4.2847873853555188e+02  4.2847944831895518e+02  4.2848023653055981e+02  4.2848109090192810e+02  4.2848199810531611e+02  4.2848294395638146e+02  4.2848391363181463e+02  4.2848489189882679e+02  4.2848586335313365e+02  4.2848681266181433e+02  4.2848772480721465e+02  4.2848858532791547e+02  4.2848938055270702e+02  4.2849009782351118e+02  4.2849072570328320e+02  4.2849125416510020e+02  4.2849167475891642e+02  4.2849198075282391e+02  4.2849216724609812e+02  4.2849223125182709e+02  4.2849217174749589e+02  4.2849198969252467e+02  4.2849168801240654e+02  4.2849127154975514e+02  4.2849074698322363e+02  4.2849012271588248e+02  4.2848940873522355e+02  4.2848861644748007e+02  4.2848775848939840e+02  4.2848684852096414e+02  4.2848590100286009e+02  4.2848493096261933e+02  4.2848395375352737e+02  4.2848298481033595e+02  4.2848203940577309e+02  4.2848113241168869e+02  4.2848027806846835e+02  4.2847948976609075e+02  4.2847877983991276e+02  4.2847815938395058e+02  4.2847763808409411e+02  4.2847722407335897e+02  4.2847692381094669e+02  4.2847674198655699e+02  4.2847668145107383e+02  4.2847599323772977e+02  4.2847605331070656e+02  4.2847623139081804e+02  4.2847652475415055e+02  4.2847692888894937e+02  4.2847743756140835e+02  4.2847804290705801e+02  4.2847873554675522e+02  4.2847950472594715e+02  4.2848033847554836e+02  4.2848122379242380e+02  4.2848214683713189e+02  4.2848309314624731e+02  4.2848404785627093e+02  4.2848499593584285e+02  4.2848592242272503e+02  4.2848681266181433e+02  4.2848765254030161e+02  4.2848842871601659e+02  4.2848912883499804e+02  4.2848974173441565e+02  4.2849025762714308e+02  4.2849066826454566e+02  4.2849096707439628e+02  4.2849114927126459e+02  4.2849121193722812e+02  4.2849115407131563e+02  4.2849097660670265e+02  4.2849068239531158e+02  4.2849027616011836e+02  4.2848976441609994e+02  4.2848915536137190e+02  4.2848845874062908e+02  4.2848768568351284e+02  4.2848684852096414e+02  4.2848596058298028e+02  4.2848503598146164e+02  4.2848408938201482e+02  4.2848313576867042e+02  4.2848219020547793e+02  4.2848126759886753e+02  4.2848038246452433e+02  4.2847954870231831e+02  4.2847877938258267e+02  4.2847808654674679e+02  4.2847748102502391e+02  4.2847697227352955e+02  4.2847656823288617e+02  4.2847627521004779e+02  4.2847609778476505e+02  4.2847603874180032e+02  4.2847532220666415e+02  4.2847538075840629e+02  4.2847555426424447e+02  4.2847584007278425e+02  4.2847623379137679e+02  4.2847672935003715e+02  4.2847731909029227e+02  4.2847799387800728e+02  4.2847874323891540e+02  4.2847955551523455e+02  4.2848041804141616e+02  4.2848131733673415e+02  4.2848223931209890e+02  4.2848316948817398e+02  4.2848409322159472e+02  4.2848499593584285e+02  4.2848586335313365e+02  4.2848668172353177e+02  4.2848743804743572e+02  4.2848812028757538e+02  4.2848871756674589e+02  4.2848922034767435e+02  4.2848962059167030e+02  4.2848991189305133e+02  4.2849008958675722e+02  4.2849015082705438e+02  4.2849009463578000e+02  4.2848992191917006e+02  4.2848963545293014e+02  4.2848923983584081e+02  4.2848874141280743e+02  4.2848814816886085e+02  4.2848746959616699e+02  4.2848671653660017e+02  4.2848590100286009e+02  4.2848503598146164e+02  4.2848413522118915e+02  4.2848321301078289e+02  4.2848228394971369e+02  4.2848136271590664e+02  4.2848046383420399e+02  4.2847960144921518e+02  4.2847878910600417e+02  4.2847803954181808e+02  4.2847736449178325e+02  4.2847677451119046e+02  4.2847627881668291e+02  4.2847588514834501e+02  4.2847559965438882e+02  4.2847542679983394e+02  4.2847536930028861e+02  4.2847463572888114e+02  4.2847469271353270e+02  4.2847486152826241e+02  4.2847513959569847e+02  4.2847552264498313e+02  4.2847600477372305e+02  4.2847657853418866e+02  4.2847723504287490e+02  4.2847796411219798e+02  4.2847875440275891e+02  4.2847959359426216e+02  4.2848046857285027e+02  4.2848136563229895e+02  4.2848227068622327e+02  4.2848316948817398e+02  4.2848404785627093e+02  4.2848489189882679e+02  4.2848568823728016e+02  4.2848642422268318e+02  4.2848708814199233e+02  4.2848766941048927e+02  4.2848815874682515e+02  4.2848854832742904e+02  4.2848883191735428e+02  4.2848900497504320e+02  4.2848906472896789e+02  4.2848901022463849e+02  4.2848884234104395e+02  4.2848856377619512e+02  4.2848817900204995e+02  4.2848769418970556e+02  4.2848711710632125e+02  4.2848645698577292e+02  4.2848572437552531e+02  4.2848493096261933e+02  4.2848408938201482e+02  4.2848321301078289e+02  4.2848231575181455e+02  4.2848141181079802e+02  4.2848051547022288e+02  4.2847964086409775e+02  4.2847880175693126e+02  4.2847801133033016e+02  4.2847728198032803e+02  4.2847662512828316e+02  4.2847605104788710e+02  4.2847556871052319e+02  4.2847518565091269e+02  4.2847490785469932e+02  4.2847473966934973e+02  4.2847468373948283e+02  4.2847394464518584e+02  4.2847400004138001e+02  4.2847416412130104e+02  4.2847443438209194e+02  4.2847480667565895e+02  4.2847527526853941e+02  4.2847583292535222e+02  4.2847647101502383e+02  4.2847717963861447e+02  4.2847794777721015e+02  4.2847876345800410e+02  4.2847961393636945e+02  4.2848048589142275e+02  4.2848136563229895e+02  4.2848223931209890e+02  4.2848309314624731e+02  4.2848391363181463e+02  4.2848468776422584e+02  4.2848540324770801e+02  4.2848604869583136e+02  4.2848661381857477e+02  4.2848708959250757e+02  4.2848746841091980e+02  4.2848774421105549e+02  4.2848791257599999e+02  4.2848797080923458e+02  4.2848791798038980e+02  4.2848775494128881e+02  4.2848748431195662e+02  4.2848711043686609e+02  4.2848663931227946e+02  4.2848607848610624e+02  4.2848543693222291e+02  4.2848472490166739e+02  4.2848395375352737e+02  4.2848313576867042e+02  4.2848228394971369e+02  4.2848141181079802e+02  4.2848053316081598e+02  4.2847966188374784e+02  4.2847881171969067e+02  4.2847799605003098e+02  4.2847722769001928e+02  4.2847651869176701e+02  4.2847588016041385e+02  4.2847532208592116e+02  4.2847485319264467e+02  4.2847448080855241e+02  4.2847421075568246e+02  4.2847404726319758e+02  4.2847399290417269e+02  4.2847325984588571e+02  4.2847331365687506e+02  4.2847347303152753e+02  4.2847373554107492e+02  4.2847409715955285e+02  4.2847455232141908e+02  4.2847509400214631e+02  4.2847571382107981e+02  4.2847640216542459e+02  4.2847714833383827e+02  4.2847794069776319e+02  4.2847876687832849e+02  4.2847961393636945e+02  4.2848046857285027e+02  4.2848131733673415e+02  4.2848214683713189e+02  4.2848294395638146e+02  4.2848369606058816e+02  4.2848439120408301e+02  4.2848501832426058e+02  4.2848556742333113e+02  4.2848602973367645e+02  4.2848639786373224e+02  4.2848666592163357e+02  4.2848682961424186e+02  4.2848688631962358e+02  4.2848683513155277e+02  4.2848667687515143e+02  4.2848641409335374e+02  4.2848605100445337e+02  4.2848559343156859e+02  4.2848504870540313e+02  4.2848442554219156e+02  4.2848373389917367e+02  4.2848298481033595e+02  4.2848219020547793e+02  4.2848136271590664e+02  4.2848051547022288e+02  4.2847966188374784e+02  4.2847881544514206e+02  4.2847798950370299e+02  4.2847719706069512e+02  4.2847645056787769e+02  4.2847576173615931e+02  4.2847514135703665e+02  4.2847459913917749e+02  4.2847414356220611e+02  4.2847378174945902e+02  4.2847351936122851e+02  4.2847336050981789e+02  4.2847330769758889e+02  4.2847259210025254e+02  4.2847264435355379e+02  4.2847279912442781e+02  4.2847305405704134e+02  4.2847340524552834e+02  4.2847384728907576e+02  4.2847437336951998e+02  4.2847497535085199e+02  4.2847564389948985e+02  4.2847636862375208e+02  4.2847713823063964e+02  4.2847794069776319e+02  4.2847876345800410e+02  4.2847959359426216e+02  4.2848041804141616e+02  4.2848122379242380e+02  4.2848199810531611e+02  4.2848272870771785e+02  4.2848340399546083e+02  4.2848401322185316e+02  4.2848454667424249e+02  4.2848499583465798e+02  4.2848535352154323e+02  4.2848561400989394e+02  4.2848577312748881e+02  4.2848582832533640e+02  4.2848577872094961e+02  4.2848562511358733e+02  4.2848536997115457e+02  4.2848501738901348e+02  4.2848457302151280e+02  4.2848404398757401e+02  4.2848343875216807e+02  4.2848276698595890e+02  4.2848203940577309e+02  4.2848126759886753e+02  4.2848046383420399e+02  4.2847964086409775e+02  4.2847881171969067e+02  4.2847798950370299e+02  4.2847718718385630e+02  4.2847641739023038e+02  4.2847569221963221e+02  4.2847502304982214e+02  4.2847442036616462e+02  4.2847389360296785e+02  4.2847345100145344e+02  4.2847309948599440e+02  4.2847284456000716e+02  4.2847269022274702e+02  4.2847263890824479e+02  4.2847195188989332e+02  4.2847200263638229e+02  4.2847215297408900e+02  4.2847240061860481e+02  4.2847274178111235e+02  4.2847317122042671e+02  4.2847368231741603e+02  4.2847426717126126e+02  4.2847491671628114e+02  4.2847562085760995e+02  4.2847636862375208e+02  4.2847714833383827e+02  4.2847794777721009e+02  4.2847875440275891e+02  4.2847955551523455e+02  4.2848033847554836e+02  4.2848109090192816e+02  4.2848180086866074e+02  4.2848245709909128e+02  4.2848304914954525e+02  4.2848356758090733e+02  4.2848400411473546e+02  4.2848435177100674e+02  4.2848460498488504e+02  4.2848475970026334e+02  4.2848481343825512e+02  4.2848476533928601e+02  4.2848461617794629e+02  4.2848436835030373e+02  4.2848402583392061e+02  4.2848359412135756e+02  4.2848308012846456e+02  4.2848249207923817e+02  4.2848183936945861e+02  4.2848113241168869e+02  4.2848038246452433e+02  4.2847960144921518e+02  4.2847880175693126e+02  4.2847799605003098e+02  4.2847719706069512e+02  4.2847641739023038e+02  4.2847566931222406e+02  4.2847496458255284e+02  4.2847431425901709e+02  4.2847372853309366e+02  4.2847321657597655e+02  4.2847278640071812e+02  4.2847244474192200e+02  4.2847219695414475e+02  4.2847204693005341e+02  4.2847199703959319e+02  4.2847134924886160e+02  4.2847139856118440e+02  4.2847154470080471e+02  4.2847178545361447e+02  4.2847211714443290e+02  4.2847253468507267e+02  4.2847303164541290e+02  4.2847360034673460e+02  4.2847423197560596e+02  4.2847491671628120e+02  4.2847564389948985e+02  4.2847640216542459e+02  4.2847717963861447e+02  4.2847796411219798e+02  4.2847874323891540e+02  4.2847950472594721e+02  4.2848023653055986e+02  4.2848092705339616e+02  4.2848156532617736e+02  4.2848214119057923e+02  4.2848264546510933e+02  4.2848307009694923e+02  4.2848340829593877e+02  4.2848365464816425e+02  4.2848380520696287e+02  4.2848385755956804e+02  4.2848381086808138e+02  4.2848366588395425e+02  4.2848342493568447e+02  4.2848309188996444e+02  4.2848267208703965e+02  4.2848217225154139e+02  4.2848160038052316e+02  4.2848096561085231e+02  4.2848027806846835e+02  4.2847954870231831e+02  4.2847878910600417e+02  4.2847801133033016e+02  4.2847722769001928e+02  4.2847645056787769e+02  4.2847569221963221e+02  4.2847496458255284e+02  4.2847427909080221e+02  4.2847364650023411e+02  4.2847307672508492e+02  4.2847257868866052e+02  4.2847216018970420e+02  4.2847182778565389e+02  4.2847158669353570e+02  4.2847144070904096e+02  4.2847139214478949e+02  4.2847079361344407e+02  4.2847084158342375e+02  4.2847098381741966e+02  4.2847121817245517e+02  4.2847154108432215e+02  4.2847194761010672e+02  4.2847243149601690e+02  4.2847298526862534e+02  4.2847360034673460e+02  4.2847426717126132e+02  4.2847497535085199e+02  4.2847571382107981e+02  4.2847647101502383e+02  4.2847723504287490e+02  4.2847799387800728e+02  4.2847873554675527e+02  4.2847944831895524e+02  4.2848012089618771e+02  4.2848074259457752e+02  4.2848130351900352e+02  4.2848179472562782e+02  4.2848220836978948e+02  4.2848253783651285e+02  4.2848277785115653e+02  4.2848292456807195e+02  4.2848297563554166e+02  4.2848293023571443e+02  4.2848278909874108e+02  4.2848255449082154e+02  4.2848223017639305e+02  4.2848182135519568e+02  4.2848133457544600e+02  4.2848077762480153e+02  4.2848015940121007e+02  4.2847948976609075e+02  4.2847877938258267e+02  4.2847803954181808e+02  4.2847728198032803e+02  4.2847651869176696e+02  4.2847576173615931e+02  4.2847502304982208e+02  4.2847431425901709e+02  4.2847364650023411e+02  4.2847303024980829e+02  4.2847247516531644e+02  4.2847198994085471e+02  4.2847158217782305e+02  4.2847125827216661e+02  4.2847102331817598e+02  4.2847088102824216e+02  4.2847083366838513e+02  4.2847029368500796e+02  4.2847034041920227e+02  4.2847047908649637e+02  4.2847070762132205e+02  4.2847102257029871e+02  4.2847141912718678e+02  4.2847189119877697e+02  4.2847243149601690e+02  4.2847303164541290e+02  4.2847368231741609e+02  4.2847437336951998e+02  4.2847509400214631e+02  4.2847583292535222e+02  4.2847657853418866e+02  4.2847731909029227e+02  4.2847804290705807e+02  4.2847873853555194e+02  4.2847939494817973e+02  4.2848000171705428e+02  4.2848054918398816e+02  4.2848102861909797e+02  4.2848143236513476e+02  4.2848175396485590e+02  4.2848198826902319e+02  4.2848213152294608e+02  4.2848218142987918e+02  4.2848213719002177e+02  4.2848199951433946e+02  4.2848177061292552e+02  4.2848145415812218e+02  4.2848105522312153e+02  4.2848058019724351e+02  4.2848003667953287e+02  4.2847943335271731e+02  4.2847877983991276e+02  4.2847808654674679e+02  4.2847736449178325e+02  4.2847662512828316e+02  4.2847588016041385e+02  4.2847514135703665e+02  4.2847442036616462e+02  4.2847372853309366e+02  4.2847307672508492e+02  4.2847247516531644e+02  4.2847193327862050e+02  4.2847145955124046e+02  4.2847106140636640e+02  4.2847074509633433e+02  4.2847051561082219e+02  4.2847037659818943e+02  4.2847033029590420e+02  4.2846985731077933e+02  4.2846990292168965e+02  4.2847003838965372e+02  4.2847026174623170e+02  4.2847056965348480e+02  4.2847095743143615e+02  4.2847141912718678e+02  4.2847194761010672e+02  4.2847253468507267e+02  4.2847317122042671e+02  4.2847384728907576e+02  4.2847455232141914e+02  4.2847527526853941e+02  4.2847600477372310e+02  4.2847672935003715e+02  4.2847743756140835e+02  4.2847811820443877e+02  4.2847876048804551e+02  4.2847935420793004e+02  4.2847988991287048e+02  4.2848035905988496e+02  4.2848075415544076e+02  4.2848106888008061e+02  4.2848129819410116e+02  4.2848143842224459e+02  4.2848148731574918e+02  4.2848144409052964e+02  4.2848130944072386e+02  4.2848108552732822e+02  4.2848077594213350e+02  4.2848038564766648e+02  4.2847992089430511e+02  4.2847938911617297e+02  4.2847879880780982e+02  4.2847815938395058e+02  4.2847748102502391e+02  4.2847677451119046e+02  4.2847605104788710e+02  4.2847532208592116e+02  4.2847459913917749e+02  4.2847389360296785e+02  4.2847321657597655e+02  4.2847257868866052e+02  4.2847198994085471e+02  4.2847145955124046e+02  4.2847099582122127e+02  4.2847060601550487e+02  4.2847029626090091e+02  4.2847007146256209e+02  4.2846993523164491e+02  4.2846988981031365e+02  4.2846949139217963e+02  4.2846953597675162e+02  4.2846966860842883e+02  4.2846988746672736e+02  4.2847018933863842e+02  4.2847056965348480e+02  4.2847102257029871e+02  4.2847154108432215e+02  4.2847211714443290e+02  4.2847274178111235e+02  4.2847340524552834e+02  4.2847409715955285e+02  4.2847480667565901e+02  4.2847552264498319e+02  4.2847623379137679e+02  4.2847692888894943e+02  4.2847759694038245e+02  4.2847822735314469e+02  4.2847881011066340e+02  4.2847933593549169e+02  4.2847979644157181e+02  4.2848018427281562e+02  4.2848049322542124e+02  4.2848071835160016e+02  4.2848085604271381e+02  4.2848090409019198e+02  4.2848086172302612e+02  4.2848072962108688e+02  4.2848050990398957e+02  4.2848020609571705e+02  4.2847982306568736e+02  4.2847936694741253e+02  4.2847884503632270e+02  4.2847826566871174e+02  4.2847763808409411e+02  4.2847697227352955e+02  4.2847627881668291e+02  4.2847556871052319e+02  4.2847485319264467e+02  4.2847414356220611e+02  4.2847345100145344e+02  4.2847278640071812e+02  4.2847216018970420e+02  4.2847158217782305e+02  4.2847106140636640e+02  4.2847060601550487e+02  4.2847022312948468e+02  4.2846991876364990e+02  4.2846969775542158e+02  4.2846956371293913e+02  4.2846951894914122e+02  4.2846920184675980e+02  4.2846924542064079e+02  4.2846937551001446e+02  4.2846959055485314e+02  4.2846988746672736e+02  4.2847026174623170e+02  4.2847070762132205e+02  4.2847121817245517e+02  4.2847178545361447e+02  4.2847240061860481e+02  4.2847305405704140e+02  4.2847373554107492e+02  4.2847443438209194e+02  4.2847513959569847e+02  4.2847584007278431e+02  4.2847652475415055e+02  4.2847718280598014e+02  4.2847780379329720e+02  4.2847837784849668e+02  4.2847889583201749e+02  4.2847934948229414e+02  4.2847973155224690e+02  4.2848003592976153e+02  4.2848025773986802e+02  4.2848039342664316e+02  4.2848044081323241e+02  4.2848039913880109e+02  4.2848026907167252e+02  4.2848005269838097e+02  4.2847975348884228e+02  4.2847937623831939e+02  4.2847892698730953e+02  4.2847841292090067e+02  4.2847784224952511e+02  4.2847722407335897e+02  4.2847656823288617e+02  4.2847588514834501e+02  4.2847518565091269e+02  4.2847448080855241e+02  4.2847378174945902e+02  4.2847309948599440e+02  4.2847244474192200e+02  4.2847182778565389e+02  4.2847125827216661e+02  4.2847074509633433e+02  4.2847029626090091e+02  4.2846991876364990e+02  4.2846961851124610e+02  4.2846940027170177e+02  4.2846926767650740e+02  4.2846922323902561e+02  4.2846899371233781e+02  4.2846903596805731e+02  4.2846916361358780e+02  4.2846937551001452e+02  4.2846966860842883e+02  4.2847003838965372e+02  4.2847047908649637e+02  4.2847098381741966e+02  4.2847154470080471e+02  4.2847215297408900e+02  4.2847279912442781e+02  4.2847347303152759e+02  4.2847416412130110e+02  4.2847486152826241e+02  4.2847555426424452e+02  4.2847623139081810e+02  4.2847688219264847e+02  4.2847749634892767e+02  4.2847806409997185e+02  4.2847857640607612e+02  4.2847902509578631e+02  4.2847940300087078e+02  4.2847970407546984e+02  4.2847992349715395e+02  4.2848005774793558e+02  4.2848010467364622e+02  4.2848006352049993e+02  4.2847993494810839e+02  4.2847972101867538e+02  4.2847942516257200e+02  4.2847905212095867e+02  4.2847860786656804e+02  4.2847809950417781e+02  4.2847753515267669e+02  4.2847692381094669e+02  4.2847627521004779e+02  4.2847559965438887e+02  4.2847490785469932e+02  4.2847421075568252e+02  4.2847351936122851e+02  4.2847284456000716e+02  4.2847219695414475e+02  4.2847158669353570e+02  4.2847102331817598e+02  4.2847051561082219e+02  4.2847007146256209e+02  4.2846969775542158e+02  4.2846940027170177e+02  4.2846918365704795e+02  4.2846905150894958e+02  4.2846900672114128e+02  4.2846887174452860e+02  4.2846891103678848e+02  4.2846903596805731e+02  4.2846924542064079e+02  4.2846953597675162e+02  4.2846990292168965e+02  4.2847034041920227e+02  4.2847084158342375e+02  4.2847139856118440e+02  4.2847200263638229e+02  4.2847264435355379e+02  4.2847331365687512e+02  4.2847400004138001e+02  4.2847469271353270e+02  4.2847538075840629e+02  4.2847605331070662e+02  4.2847669972681774e+02  4.2847730975499002e+02  4.2847787370075787e+02  4.2847838258468983e+02  4.2847882828964174e+02  4.2847920369481119e+02  4.2847950279408605e+02  4.2847972079642960e+02  4.2847985420636161e+02  4.2847990088295319e+02  4.2847986007616646e+02  4.2847973243980493e+02  4.2847952002080530e+02  4.2847922622506775e+02  4.2847885576048623e+02  4.2847841455828268e+02  4.2847790967416432e+02  4.2847734917119038e+02  4.2847674198655699e+02  4.2847609778476505e+02  4.2847542679983394e+02  4.2847473966934973e+02  4.2847404726319758e+02  4.2847336050981789e+02  4.2847269022274702e+02  4.2847204693005341e+02  4.2847144070904096e+02  4.2847088102824216e+02  4.2847037659818943e+02  4.2846993523164491e+02  4.2846956371293913e+02  4.2846926767650740e+02  4.2846905150894958e+02  4.2846891839159218e+02  4.2846887121664719e+02  4.2846884304953670e+02  4.2846887174452860e+02  4.2846899371233781e+02  4.2846920184675980e+02  4.2846949139217963e+02  4.2846985731077933e+02  4.2847029368500796e+02  4.2847079361344407e+02  4.2847134924886160e+02  4.2847195188989332e+02  4.2847259210025254e+02  4.2847325984588576e+02  4.2847394464518590e+02  4.2847463572888114e+02  4.2847532220666415e+02  4.2847599323772977e+02  4.2847663820237130e+02  4.2847724687174588e+02  4.2847780957289581e+02  4.2847831734612998e+02  4.2847876209194067e+02  4.2847913670475913e+02  4.2847943519104587e+02  4.2847965276946485e+02  4.2847978595120128e+02  4.2847983259884717e+02  4.2847979196268398e+02  4.2847966469363115e+02  4.2847945283259003e+02  4.2847915977637854e+02  4.2847879022091627e+02  4.2847835008275968e+02  4.2847784640050207e+02  4.2847728721792106e+02  4.2847668145107383e+02  4.2847603874180032e+02  4.2847536930028861e+02  4.2847468373948283e+02  4.2847399290417269e+02  4.2847330769758889e+02  4.2847263890824479e+02  4.2847199703959319e+02  4.2847139214478949e+02  4.2847083366838513e+02  4.2847033029590420e+02  4.2846988981031365e+02  4.2846951894914122e+02  4.2846922323902561e+02  4.2846900672114128e+02  4.2846887121664719e+02  4.2846881358456983e+02  </DataArray> 
</PointData> 
</Piece>
</UnstructuredGrid>
</VTKFile>